"User_ID,UTC_Time,Account,Operation,Coin,Change,Remark"
"163789747,2021-10-19 22:12:47,Spot,Deposit,EUR,294.60000000,"""""
"163789747,2021-10-19 22:16:09,Spot,Fee,EGLD,-0.00126000,"""""
"163789747,2021-10-19 22:16:09,Spot,Transaction Spend,EUR,-246.51900000,"""""
"163789747,2021-10-19 22:16:09,Spot,Transaction Buy,EGLD,1.26000000,"""""
"163789747,2021-10-24 17:15:48,Spot,Binance Convert,CAKE,5.00000000,"""""
"163789747,2021-10-24 17:15:48,Spot,Binance Convert,EGLD,-0.33872355,"""""
"163789747,2021-10-24 17:18:43,Spot,Binance Convert,LINK,3.00000000,"""""
"163789747,2021-10-24 17:18:43,Spot,Binance Convert,EGLD,-0.30987446,"""""
"163789747,2021-10-24 17:20:10,Spot,Binance Convert,LTC,0.93083262,"""""
"163789747,2021-10-24 17:20:10,Spot,Binance Convert,EGLD,-0.61014199,"""""
"163789747,2021-10-24 17:31:00,Spot,Binance Convert,DAI,81.37997359,"""""
"163789747,2021-10-24 17:31:00,Spot,Binance Convert,LTC,-0.43083262,"""""
"163789747,2021-10-24 17:32:34,Earn,Simple Earn Flexible Subscription,CAKE,-5.00000000,"""""
"163789747,2021-10-24 17:32:34,Spot,Savings Distribution,LDCAKE,5.00000000,"""""
"163789747,2021-10-24 17:33:57,Spot,Savings Distribution,LDDAI,81.37997359,"""""
"163789747,2021-10-24 17:33:57,Earn,Simple Earn Flexible Subscription,DAI,-81.37997359,"""""
"163789747,2021-10-24 17:38:54,Spot,Binance Convert,LINK,-1.00000000,"""""
"163789747,2021-10-24 17:38:54,Spot,Binance Convert,FET,40.05238852,"""""
"163789747,2021-10-25 18:04:08,Spot,Fee,VET,-0.25000000,"""""
"163789747,2021-10-25 18:04:08,Spot,Transaction Spend,EUR,-30.05000000,"""""
"163789747,2021-10-25 18:04:08,Spot,Transaction Buy,VET,250.00000000,"""""
"163789747,2021-10-25 18:04:16,Spot,Fee,VET,-0.15000000,"""""
"163789747,2021-10-25 18:04:16,Spot,Transaction Spend,EUR,-18.03000000,"""""
"163789747,2021-10-25 18:04:16,Spot,Transaction Buy,VET,150.00000000,"""""
"163789747,2021-10-26 02:09:39,Earn,Simple Earn Flexible Interest,CAKE,0.00068495,"""""
"163789747,2021-10-26 02:39:53,Earn,Simple Earn Flexible Interest,DAI,0.01010006,"""""
"163789747,2021-10-26 06:03:00,Spot,Savings Distribution,LDCAKE,0.00068495,"""""
"163789747,2021-10-26 06:03:00,Earn,Simple Earn Flexible Subscription,DAI,-0.01010006,"""""
"163789747,2021-10-26 06:03:00,Spot,Savings Distribution,LDDAI,0.01010006,"""""
"163789747,2021-10-26 06:03:00,Earn,Simple Earn Flexible Subscription,CAKE,-0.00068495,"""""
"163789747,2021-10-27 02:01:38,Earn,Simple Earn Flexible Interest,CAKE,0.00068495,"""""
"163789747,2021-10-27 02:22:28,Earn,Simple Earn Flexible Interest,DAI,0.01010006,"""""
"163789747,2021-10-27 06:18:20,Earn,Simple Earn Flexible Subscription,DAI,-0.01010006,"""""
"163789747,2021-10-27 06:18:20,Spot,Savings Distribution,LDCAKE,0.00068495,"""""
"163789747,2021-10-27 06:18:20,Earn,Simple Earn Flexible Subscription,CAKE,-0.00068495,"""""
"163789747,2021-10-27 06:18:21,Spot,Savings Distribution,LDDAI,0.01010006,"""""
"163789747,2021-10-28 03:13:40,Earn,Simple Earn Flexible Interest,CAKE,0.00068504,"""""
"163789747,2021-10-28 03:16:51,Earn,Simple Earn Flexible Interest,DAI,0.01010132,"""""
"163789747,2021-10-28 23:30:57,Spot,Savings Distribution,LDCAKE,0.00068504,"""""
"163789747,2021-10-28 23:30:57,Earn,Simple Earn Flexible Subscription,CAKE,-0.00068504,"""""
"163789747,2021-10-28 23:30:57,Earn,Simple Earn Flexible Subscription,DAI,-0.01010132,"""""
"163789747,2021-10-28 23:30:58,Spot,Savings Distribution,LDDAI,0.01010132,"""""
"163789747,2021-10-29 02:13:57,Earn,Simple Earn Flexible Interest,DAI,0.01010257,"""""
"163789747,2021-10-29 02:21:34,Earn,Simple Earn Flexible Interest,CAKE,0.00068513,"""""
"163789747,2021-10-29 05:55:50,Spot,Savings Distribution,LDCAKE,0.00068513,"""""
"163789747,2021-10-29 05:55:50,Earn,Simple Earn Flexible Subscription,CAKE,-0.00068513,"""""
"163789747,2021-10-29 05:55:51,Spot,Savings Distribution,LDDAI,0.01010257,"""""
"163789747,2021-10-29 05:55:51,Earn,Simple Earn Flexible Subscription,DAI,-0.01010257,"""""
"163789747,2021-10-30 02:58:57,Spot,Savings Distribution,LDVET,99.60000000,"""""
"163789747,2021-10-30 02:58:57,Earn,Simple Earn Flexible Subscription,VET,-99.60000000,"""""
"163789747,2021-10-30 03:10:31,Earn,Simple Earn Flexible Interest,CAKE,0.00068523,"""""
"163789747,2021-10-30 03:11:29,Earn,Simple Earn Flexible Interest,DAI,0.01010382,"""""
"163789747,2021-10-30 23:28:23,Spot,Savings Distribution,LDCAKE,0.00068523,"""""
"163789747,2021-10-30 23:28:23,Earn,Simple Earn Flexible Subscription,CAKE,-0.00068523,"""""
"163789747,2021-10-30 23:28:23,Spot,Savings Distribution,LDDAI,0.01010382,"""""
"163789747,2021-10-30 23:28:23,Earn,Simple Earn Flexible Subscription,DAI,-0.01010382,"""""
"163789747,2021-10-31 02:03:59,Earn,Simple Earn Flexible Interest,DAI,0.01010508,"""""
"163789747,2021-10-31 02:11:34,Earn,Simple Earn Flexible Interest,CAKE,0.00068532,"""""
"163789747,2021-10-31 03:45:43,Spot,Simple Earn Flexible Airdrop,VTHO,0.07468563,"""""
"163789747,2021-10-31 06:00:22,Spot,Savings Distribution,LDCAKE,0.00068532,"""""
"163789747,2021-10-31 06:00:22,Earn,Simple Earn Flexible Subscription,DAI,-0.01010508,"""""
"163789747,2021-10-31 06:00:22,Earn,Simple Earn Flexible Subscription,CAKE,-0.00068532,"""""
"163789747,2021-10-31 06:00:23,Spot,Savings Distribution,LDDAI,0.01010508,"""""
"163789747,2021-10-31 06:23:04,Earn,Simple Earn Flexible Subscription,VET,-300.00000000,"""""
"163789747,2021-10-31 06:23:05,Spot,Savings Distribution,LDVET,300.00000000,"""""
"163789747,2021-11-01 03:15:10,Earn,Simple Earn Flexible Interest,CAKE,0.00068541,"""""
"163789747,2021-11-01 03:26:48,Earn,Simple Earn Flexible Interest,DAI,0.01010633,"""""
"163789747,2021-11-01 03:27:10,Earn,Simple Earn Flexible Interest,VET,0.00226490,"""""
"163789747,2021-11-01 04:03:25,Spot,Simple Earn Flexible Airdrop,VTHO,0.26650913,"""""
"163789747,2021-11-01 23:35:57,Earn,Simple Earn Flexible Subscription,DAI,-0.01010633,"""""
"163789747,2021-11-01 23:35:57,Spot,Savings Distribution,LDCAKE,0.00068541,"""""
"163789747,2021-11-01 23:35:57,Earn,Simple Earn Flexible Subscription,CAKE,-0.00068541,"""""
"163789747,2021-11-01 23:35:58,Spot,Savings Distribution,LDDAI,0.01010633,"""""
"163789747,2021-11-01 23:37:02,Earn,Simple Earn Flexible Subscription,VET,-0.00226490,"""""
"163789747,2021-11-01 23:37:03,Spot,Savings Distribution,LDVET,0.00226490,"""""
"163789747,2021-11-02 02:18:26,Spot,Simple Earn Flexible Airdrop,VTHO,0.37572804,"""""
"163789747,2021-11-02 04:02:46,Earn,Simple Earn Flexible Interest,VET,0.00908690,"""""
"163789747,2021-11-02 04:16:14,Earn,Simple Earn Flexible Interest,CAKE,0.00068551,"""""
"163789747,2021-11-02 04:18:45,Earn,Simple Earn Flexible Interest,DAI,0.01010759,"""""
"163789747,2021-11-02 23:34:14,Earn,Simple Earn Flexible Subscription,CAKE,-0.00068551,"""""
"163789747,2021-11-02 23:34:15,Spot,Savings Distribution,LDDAI,0.01010759,"""""
"163789747,2021-11-02 23:34:15,Earn,Simple Earn Flexible Subscription,DAI,-0.01010759,"""""
"163789747,2021-11-02 23:34:15,Spot,Savings Distribution,LDCAKE,0.00068551,"""""
"163789747,2021-11-02 23:35:00,Spot,Savings Distribution,LDVET,0.00908690,"""""
"163789747,2021-11-02 23:35:00,Earn,Simple Earn Flexible Subscription,VET,-0.00908690,"""""
"163789747,2021-11-03 03:23:05,Spot,Simple Earn Flexible Airdrop,VTHO,0.37633160,"""""
"163789747,2021-11-03 04:26:10,Earn,Simple Earn Flexible Interest,CAKE,0.00068560,"""""
"163789747,2021-11-03 04:30:20,Earn,Simple Earn Flexible Interest,DAI,0.01010884,"""""
"163789747,2021-11-03 04:36:29,Earn,Simple Earn Flexible Interest,VET,0.00908695,"""""
"163789747,2021-11-04 02:17:06,Spot,Simple Earn Flexible Airdrop,VTHO,0.37498212,"""""
"163789747,2021-11-04 03:16:18,Earn,Simple Earn Flexible Subscription,VET,-0.00908695,"""""
"163789747,2021-11-04 03:16:19,Spot,Savings Distribution,LDVET,0.00908695,"""""
"163789747,2021-11-04 03:22:13,Spot,Savings Distribution,LDCAKE,0.00068560,"""""
"163789747,2021-11-04 03:22:13,Earn,Simple Earn Flexible Subscription,DAI,-0.01010884,"""""
"163789747,2021-11-04 03:22:13,Earn,Simple Earn Flexible Subscription,CAKE,-0.00068560,"""""
"163789747,2021-11-04 03:22:14,Spot,Savings Distribution,LDDAI,0.01010884,"""""
"163789747,2021-11-04 03:35:28,Earn,Simple Earn Flexible Interest,CAKE,0.00068570,"""""
"163789747,2021-11-04 03:40:23,Earn,Simple Earn Flexible Interest,DAI,0.01011009,"""""
"163789747,2021-11-04 03:48:22,Earn,Simple Earn Flexible Interest,VET,0.00908716,"""""
"163789747,2021-11-04 23:19:24,Earn,Simple Earn Flexible Subscription,CAKE,-0.00068570,"""""
"163789747,2021-11-04 23:19:24,Spot,Savings Distribution,LDCAKE,0.00068570,"""""
"163789747,2021-11-04 23:19:25,Spot,Savings Distribution,LDDAI,0.01011009,"""""
"163789747,2021-11-04 23:19:25,Earn,Simple Earn Flexible Subscription,DAI,-0.01011009,"""""
"163789747,2021-11-05 02:02:18,Earn,Simple Earn Flexible Interest,DAI,0.01011009,"""""
"163789747,2021-11-05 02:18:03,Earn,Simple Earn Flexible Interest,VET,0.00908716,"""""
"163789747,2021-11-05 02:42:24,Spot,Simple Earn Flexible Airdrop,VTHO,0.37116102,"""""
"163789747,2021-11-05 02:48:04,Earn,Simple Earn Flexible Interest,CAKE,0.00068570,"""""
"163789747,2021-11-05 05:58:54,Spot,Savings Distribution,LDCAKE,0.00068570,"""""
"163789747,2021-11-05 05:58:54,Earn,Simple Earn Flexible Subscription,CAKE,-0.00068570,"""""
"163789747,2021-11-05 05:58:54,Spot,Savings Distribution,LDDAI,0.01011009,"""""
"163789747,2021-11-05 05:58:54,Earn,Simple Earn Flexible Subscription,DAI,-0.01011009,"""""
"163789747,2021-11-05 06:19:49,Earn,Simple Earn Flexible Subscription,VET,-0.01817432,"""""
"163789747,2021-11-05 06:19:49,Spot,Savings Distribution,LDVET,0.01817432,"""""
"163789747,2021-11-06 02:11:38,Earn,Simple Earn Flexible Interest,DAI,0.01011260,"""""
"163789747,2021-11-06 02:29:15,Earn,Simple Earn Flexible Interest,CAKE,0.00068588,"""""
"163789747,2021-11-06 02:40:46,Spot,Simple Earn Flexible Airdrop,VTHO,0.37153222,"""""
"163789747,2021-11-06 02:40:52,Earn,Simple Earn Flexible Interest,VET,0.00908736,"""""
"163789747,2021-11-06 05:54:29,Earn,Simple Earn Flexible Subscription,CAKE,-0.00068588,"""""
"163789747,2021-11-06 05:54:29,Spot,Savings Distribution,LDCAKE,0.00068588,"""""
"163789747,2021-11-06 05:54:29,Earn,Simple Earn Flexible Subscription,DAI,-0.01011260,"""""
"163789747,2021-11-06 05:54:30,Spot,Savings Distribution,LDDAI,0.01011260,"""""
"163789747,2021-11-06 06:15:58,Earn,Simple Earn Flexible Subscription,VET,-0.00908736,"""""
"163789747,2021-11-06 06:15:59,Spot,Savings Distribution,LDVET,0.00908736,"""""
"163789747,2021-11-07 02:06:42,Earn,Simple Earn Flexible Interest,CAKE,0.00068598,"""""
"163789747,2021-11-07 02:15:58,Earn,Simple Earn Flexible Interest,DAI,0.01011386,"""""
"163789747,2021-11-07 02:32:38,Earn,Simple Earn Flexible Interest,VET,0.00908778,"""""
"163789747,2021-11-07 02:39:03,Spot,Simple Earn Flexible Airdrop,VTHO,0.37242141,"""""
"163789747,2021-11-07 06:13:56,Spot,Savings Distribution,LDVET,0.00908778,"""""
"163789747,2021-11-07 06:13:56,Earn,Simple Earn Flexible Subscription,VET,-0.00908778,"""""
"163789747,2021-11-07 06:44:21,Spot,Savings Distribution,LDCAKE,0.00068598,"""""
"163789747,2021-11-07 06:44:21,Spot,Savings Distribution,LDDAI,0.01011386,"""""
"163789747,2021-11-07 06:44:21,Earn,Simple Earn Flexible Subscription,DAI,-0.01011386,"""""
"163789747,2021-11-07 06:44:21,Earn,Simple Earn Flexible Subscription,CAKE,-0.00068598,"""""
"163789747,2021-11-08 02:15:21,Earn,Simple Earn Flexible Interest,DAI,0.01011511,"""""
"163789747,2021-11-08 02:24:00,Earn,Simple Earn Flexible Interest,CAKE,0.00068607,"""""
"163789747,2021-11-08 02:30:51,Earn,Simple Earn Flexible Interest,VET,0.00908798,"""""
"163789747,2021-11-08 02:42:27,Spot,Simple Earn Flexible Airdrop,VTHO,0.37177862,"""""
"163789747,2021-11-08 06:13:18,Earn,Simple Earn Flexible Subscription,VET,-0.00908798,"""""
"163789747,2021-11-08 06:13:19,Spot,Savings Distribution,LDVET,0.00908798,"""""
"163789747,2021-11-08 06:44:10,Earn,Simple Earn Flexible Subscription,DAI,-0.01011511,"""""
"163789747,2021-11-08 06:44:10,Spot,Savings Distribution,LDCAKE,0.00068607,"""""
"163789747,2021-11-08 06:44:10,Spot,Savings Distribution,LDDAI,0.01011511,"""""
"163789747,2021-11-08 06:44:10,Earn,Simple Earn Flexible Subscription,CAKE,-0.00068607,"""""
"163789747,2021-11-09 02:02:23,Earn,Simple Earn Flexible Interest,DAI,0.01011637,"""""
"163789747,2021-11-09 02:33:06,Earn,Simple Earn Flexible Interest,CAKE,0.00068617,"""""
"163789747,2021-11-09 02:36:37,Earn,Simple Earn Flexible Interest,VET,0.00908819,"""""
"163789747,2021-11-09 03:33:00,Spot,Simple Earn Flexible Airdrop,VTHO,0.37158407,"""""
"163789747,2021-11-09 06:17:44,Earn,Simple Earn Flexible Subscription,VET,-0.00908819,"""""
"163789747,2021-11-09 06:17:45,Spot,Savings Distribution,LDVET,0.00908819,"""""
"163789747,2021-11-09 06:49:55,Spot,Savings Distribution,LDDAI,0.01011637,"""""
"163789747,2021-11-09 06:49:55,Earn,Simple Earn Flexible Subscription,DAI,-0.01011637,"""""
"163789747,2021-11-09 06:49:55,Earn,Simple Earn Flexible Subscription,CAKE,-0.00068617,"""""
"163789747,2021-11-09 06:49:55,Spot,Savings Distribution,LDCAKE,0.00068617,"""""
"163789747,2021-11-10 02:20:36,Spot,Simple Earn Flexible Airdrop,VTHO,0.37420554,"""""
"163789747,2021-11-10 03:02:47,Earn,Simple Earn Flexible Interest,DAI,0.01011762,"""""
"163789747,2021-11-10 03:07:08,Earn,Simple Earn Flexible Subscription,DAI,-0.01011762,"""""
"163789747,2021-11-10 03:07:08,Spot,Savings Distribution,LDDAI,0.01011762,"""""
"163789747,2021-11-10 03:11:48,Earn,Simple Earn Flexible Interest,VET,0.00908840,"""""
"163789747,2021-11-10 03:15:44,Earn,Simple Earn Flexible Subscription,VET,-0.00908840,"""""
"163789747,2021-11-10 03:15:44,Spot,Savings Distribution,LDVET,0.00908840,"""""
"163789747,2021-11-10 03:25:09,Earn,Simple Earn Flexible Interest,CAKE,0.00164700,"""""
"163789747,2021-11-10 22:55:02,Spot,Transaction Related,BTC,0.00500000,"""""
"163789747,2021-11-10 22:55:02,Spot,Transaction Related,EUR,-287.06000000,"""""
"163789747,2021-11-10 22:55:02,Spot,Deposit,EUR,287.06000000,"""""
"163789747,2021-11-11 02:10:16,Earn,Simple Earn Flexible Interest,VET,0.00908860,"""""
"163789747,2021-11-11 02:23:01,Earn,Simple Earn Flexible Interest,CAKE,0.00164723,"""""
"163789747,2021-11-11 02:45:04,Earn,Simple Earn Flexible Interest,DAI,0.01011888,"""""
"163789747,2021-11-11 02:45:35,Spot,Simple Earn Flexible Airdrop,VTHO,0.37382097,"""""
"163789747,2021-11-11 06:03:55,Earn,Simple Earn Flexible Subscription,VET,-0.00908860,"""""
"163789747,2021-11-11 06:03:55,Spot,Savings Distribution,LDVET,0.00908860,"""""
"163789747,2021-11-11 06:38:29,Spot,Savings Distribution,LDCAKE,0.00329423,"""""
"163789747,2021-11-11 06:38:29,Spot,Savings Distribution,LDDAI,0.01011888,"""""
"163789747,2021-11-11 06:38:29,Earn,Simple Earn Flexible Subscription,DAI,-0.01011888,"""""
"163789747,2021-11-11 06:38:29,Earn,Simple Earn Flexible Subscription,CAKE,-0.00329423,"""""
"163789747,2021-11-12 02:04:18,Earn,Simple Earn Flexible Interest,VET,0.00908881,"""""
"163789747,2021-11-12 02:14:48,Earn,Simple Earn Flexible Interest,CAKE,0.00164723,"""""
"163789747,2021-11-12 02:26:27,Earn,Simple Earn Flexible Interest,DAI,0.01012014,"""""
"163789747,2021-11-12 02:37:55,Spot,Simple Earn Flexible Airdrop,VTHO,0.37335278,"""""
"163789747,2021-11-12 06:30:23,Spot,Savings Distribution,LDCAKE,0.00164723,"""""
"163789747,2021-11-12 06:30:23,Earn,Simple Earn Flexible Subscription,CAKE,-0.00164723,"""""
"163789747,2021-11-12 06:30:23,Earn,Simple Earn Flexible Subscription,DAI,-0.01012014,"""""
"163789747,2021-11-12 06:30:24,Spot,Savings Distribution,LDDAI,0.01012014,"""""
"163789747,2021-11-12 06:56:14,Spot,Savings Distribution,LDVET,0.00908881,"""""
"163789747,2021-11-12 06:56:14,Earn,Simple Earn Flexible Subscription,VET,-0.00908881,"""""
"163789747,2021-11-13 01:45:13,Spot,Simple Earn Flexible Airdrop,VTHO,0.37179166,"""""
"163789747,2021-11-13 02:01:38,Earn,Simple Earn Flexible Interest,DAI,0.01012139,"""""
"163789747,2021-11-13 02:13:10,Earn,Simple Earn Flexible Interest,VET,0.00908902,"""""
"163789747,2021-11-13 02:38:48,Earn,Simple Earn Flexible Interest,CAKE,0.00164831,"""""
"163789747,2021-11-13 06:38:41,Earn,Simple Earn Flexible Subscription,CAKE,-0.00164831,"""""
"163789747,2021-11-13 06:38:41,Spot,Savings Distribution,LDDAI,0.01012139,"""""
"163789747,2021-11-13 06:38:41,Earn,Simple Earn Flexible Subscription,DAI,-0.01012139,"""""
"163789747,2021-11-13 06:38:41,Spot,Savings Distribution,LDCAKE,0.00164831,"""""
"163789747,2021-11-13 06:52:40,Earn,Simple Earn Flexible Subscription,VET,-0.00908902,"""""
"163789747,2021-11-13 06:52:40,Spot,Savings Distribution,LDVET,0.00908902,"""""
"163789747,2021-11-14 02:16:42,Spot,Simple Earn Flexible Airdrop,VTHO,0.37205200,"""""
"163789747,2021-11-14 03:26:19,Earn,Simple Earn Flexible Interest,VET,0.00908922,"""""
"163789747,2021-11-14 03:30:56,Earn,Simple Earn Flexible Interest,CAKE,0.00164885,"""""
"163789747,2021-11-14 03:34:05,Earn,Simple Earn Flexible Interest,DAI,0.01012265,"""""
"163789747,2021-11-14 23:49:39,Earn,Simple Earn Flexible Subscription,CAKE,-0.00164885,"""""
"163789747,2021-11-14 23:49:39,Spot,Savings Distribution,LDCAKE,0.00164885,"""""
"163789747,2021-11-14 23:49:40,Earn,Simple Earn Flexible Subscription,DAI,-0.01012265,"""""
"163789747,2021-11-14 23:49:40,Spot,Savings Distribution,LDDAI,0.01012265,"""""
"163789747,2021-11-15 02:04:23,Earn,Simple Earn Flexible Interest,CAKE,0.00164939,"""""
"163789747,2021-11-15 02:19:42,Earn,Simple Earn Flexible Interest,VET,0.00908943,"""""
"163789747,2021-11-15 02:23:52,Earn,Simple Earn Flexible Interest,DAI,0.01012390,"""""
"163789747,2021-11-15 02:45:22,Spot,Simple Earn Flexible Airdrop,VTHO,0.37207683,"""""
"163789747,2021-11-15 06:38:08,Earn,Simple Earn Flexible Subscription,CAKE,-0.00164939,"""""
"163789747,2021-11-15 06:38:08,Earn,Simple Earn Flexible Subscription,DAI,-0.01012390,"""""
"163789747,2021-11-15 06:38:08,Spot,Savings Distribution,LDDAI,0.01012390,"""""
"163789747,2021-11-15 06:38:08,Spot,Savings Distribution,LDCAKE,0.00164939,"""""
"163789747,2021-11-15 06:54:14,Earn,Simple Earn Flexible Subscription,VET,-0.01817865,"""""
"163789747,2021-11-15 06:54:14,Spot,Savings Distribution,LDVET,0.01817865,"""""
"163789747,2021-11-16 02:20:35,Spot,Simple Earn Flexible Airdrop,VTHO,0.37410151,"""""
"163789747,2021-11-16 03:19:09,Earn,Simple Earn Flexible Interest,CAKE,0.00164993,"""""
"163789747,2021-11-16 03:19:47,Earn,Simple Earn Flexible Interest,VET,0.00908943,"""""
"163789747,2021-11-16 03:44:25,Earn,Simple Earn Flexible Interest,DAI,0.01012516,"""""
"163789747,2021-11-16 23:48:38,Earn,Simple Earn Flexible Subscription,CAKE,-0.00164993,"""""
"163789747,2021-11-16 23:48:38,Spot,Savings Distribution,LDCAKE,0.00164993,"""""
"163789747,2021-11-16 23:48:39,Earn,Simple Earn Flexible Subscription,DAI,-0.01012516,"""""
"163789747,2021-11-16 23:48:39,Spot,Savings Distribution,LDDAI,0.01012516,"""""
"163789747,2021-11-16 23:49:07,Spot,Savings Distribution,LDVET,0.00908943,"""""
"163789747,2021-11-16 23:49:07,Earn,Simple Earn Flexible Subscription,VET,-0.00908943,"""""
"163789747,2021-11-17 02:16:43,Earn,Simple Earn Flexible Interest,DAI,0.01012642,"""""
"163789747,2021-11-17 02:29:53,Earn,Simple Earn Flexible Interest,CAKE,0.00165048,"""""
"163789747,2021-11-17 02:39:54,Earn,Simple Earn Flexible Interest,VET,0.00908984,"""""
"163789747,2021-11-17 02:51:37,Spot,Simple Earn Flexible Airdrop,VTHO,0.37269582,"""""
"163789747,2021-11-17 06:36:54,Spot,Savings Distribution,LDCAKE,0.00165048,"""""
"163789747,2021-11-17 06:36:54,Earn,Simple Earn Flexible Subscription,CAKE,-0.00165048,"""""
"163789747,2021-11-17 06:36:55,Spot,Savings Distribution,LDDAI,0.01012642,"""""
"163789747,2021-11-17 06:36:55,Earn,Simple Earn Flexible Subscription,DAI,-0.01012642,"""""
"163789747,2021-11-17 06:43:08,Spot,Savings Distribution,LDVET,0.00908984,"""""
"163789747,2021-11-17 06:43:08,Earn,Simple Earn Flexible Subscription,VET,-0.00908984,"""""
"163789747,2021-11-18 02:04:46,Earn,Simple Earn Flexible Interest,CAKE,0.00165102,"""""
"163789747,2021-11-18 02:27:28,Earn,Simple Earn Flexible Interest,DAI,0.01012767,"""""
"163789747,2021-11-18 02:47:19,Spot,Simple Earn Flexible Airdrop,VTHO,0.37161657,"""""
"163789747,2021-11-18 02:50:40,Earn,Simple Earn Flexible Interest,VET,0.00909005,"""""
"163789747,2021-11-18 06:33:30,Spot,Savings Distribution,LDCAKE,0.00165102,"""""
"163789747,2021-11-18 06:33:30,Earn,Simple Earn Flexible Subscription,CAKE,-0.00165102,"""""
"163789747,2021-11-18 06:33:31,Earn,Simple Earn Flexible Subscription,DAI,-0.01012767,"""""
"163789747,2021-11-18 06:33:31,Spot,Savings Distribution,LDDAI,0.01012767,"""""
"163789747,2021-11-18 06:41:13,Earn,Simple Earn Flexible Subscription,VET,-0.00909005,"""""
"163789747,2021-11-18 06:41:14,Spot,Savings Distribution,LDVET,0.00909005,"""""
"163789747,2021-11-19 02:10:31,Earn,Simple Earn Flexible Interest,VET,0.00909026,"""""
"163789747,2021-11-19 02:49:29,Earn,Simple Earn Flexible Interest,DAI,0.01012893,"""""
"163789747,2021-11-19 02:50:52,Spot,Simple Earn Flexible Airdrop,VTHO,0.37052656,"""""
"163789747,2021-11-19 02:52:56,Earn,Simple Earn Flexible Interest,CAKE,0.00165156,"""""
"163789747,2021-11-19 06:26:38,Spot,Savings Distribution,LDDAI,0.01012893,"""""
"163789747,2021-11-19 06:26:38,Earn,Simple Earn Flexible Subscription,CAKE,-0.00165156,"""""
"163789747,2021-11-19 06:26:38,Spot,Savings Distribution,LDCAKE,0.00165156,"""""
"163789747,2021-11-19 06:26:38,Earn,Simple Earn Flexible Subscription,DAI,-0.01012893,"""""
"163789747,2021-11-19 06:53:54,Earn,Simple Earn Flexible Subscription,VET,-0.00909026,"""""
"163789747,2021-11-19 06:53:55,Spot,Savings Distribution,LDVET,0.00909026,"""""
"163789747,2021-11-20 01:47:57,Spot,Simple Earn Flexible Airdrop,VTHO,0.37065130,"""""
"163789747,2021-11-20 02:02:18,Earn,Simple Earn Flexible Interest,CAKE,0.00165210,"""""
"163789747,2021-11-20 02:07:16,Earn,Simple Earn Flexible Interest,DAI,0.01013019,"""""
"163789747,2021-11-20 02:27:46,Earn,Simple Earn Flexible Interest,VET,0.00909046,"""""
"163789747,2021-11-20 06:26:40,Earn,Simple Earn Flexible Subscription,CAKE,-0.00165210,"""""
"163789747,2021-11-20 06:26:40,Spot,Savings Distribution,LDCAKE,0.00165210,"""""
"163789747,2021-11-20 06:26:41,Spot,Savings Distribution,LDDAI,0.01013019,"""""
"163789747,2021-11-20 06:26:41,Earn,Simple Earn Flexible Subscription,DAI,-0.01013019,"""""
"163789747,2021-11-20 06:54:19,Earn,Simple Earn Flexible Subscription,VET,-0.00909046,"""""
"163789747,2021-11-20 06:54:19,Spot,Savings Distribution,LDVET,0.00909046,"""""
"163789747,2021-11-20 19:02:00,Spot,Deposit,EUR,2330.31000000,"""""
"163789747,2021-11-20 19:02:00,Spot,Transaction Related,EUR,-2330.31000000,"""""
"163789747,2021-11-20 19:02:00,Spot,Transaction Related,USDC,2600.00000000,"""""
"163789747,2021-11-20 19:32:42,Spot,Withdraw,USDC,-2600.00000000,Withdraw fee is included"
"163789747,2021-11-21 01:46:04,Spot,Simple Earn Flexible Airdrop,VTHO,0.37075776,"""""
"163789747,2021-11-21 03:17:22,Earn,Simple Earn Flexible Interest,CAKE,0.00165265,"""""
"163789747,2021-11-21 03:34:16,Earn,Simple Earn Flexible Interest,VET,0.00909067,"""""
"163789747,2021-11-21 03:37:07,Earn,Simple Earn Flexible Interest,DAI,0.01013144,"""""
"163789747,2021-11-21 03:58:32,Earn,Simple Earn Flexible Subscription,BTC,-0.00500000,"""""
"163789747,2021-11-21 03:58:33,Spot,Savings Distribution,LDFET,40.05238852,"""""
"163789747,2021-11-21 03:58:33,Spot,Savings Distribution,LDBTC,0.00500000,"""""
"163789747,2021-11-21 03:58:33,Earn,Simple Earn Flexible Subscription,FET,-40.05238852,"""""
"163789747,2021-11-22 01:48:47,Spot,Simple Earn Flexible Airdrop,VTHO,0.36982897,"""""
"163789747,2021-11-22 03:17:02,Earn,Simple Earn Flexible Interest,CAKE,0.00165319,"""""
"163789747,2021-11-22 03:21:14,Earn,Simple Earn Flexible Subscription,CAKE,-0.00330584,"""""
"163789747,2021-11-22 03:21:15,Earn,Simple Earn Flexible Subscription,DAI,-0.01013144,"""""
"163789747,2021-11-22 03:21:15,Spot,Savings Distribution,LDCAKE,0.00330584,"""""
"163789747,2021-11-22 03:21:16,Spot,Savings Distribution,LDDAI,0.01013144,"""""
"163789747,2021-11-22 03:23:30,Spot,Savings Distribution,LDVET,0.00909067,"""""
"163789747,2021-11-22 03:23:30,Earn,Simple Earn Flexible Subscription,VET,-0.00909067,"""""
"163789747,2021-11-22 03:28:41,Earn,Simple Earn Flexible Interest,VET,0.00909088,"""""
"163789747,2021-11-22 03:39:00,Earn,Simple Earn Flexible Interest,DAI,0.01013270,"""""
"163789747,2021-11-23 02:20:00,Spot,Simple Earn Flexible Airdrop,VTHO,0.36967091,"""""
"163789747,2021-11-23 03:03:01,Earn,Simple Earn Flexible Interest,CAKE,0.00165319,"""""
"163789747,2021-11-23 03:08:07,Spot,Savings Distribution,LDVET,0.00909088,"""""
"163789747,2021-11-23 03:08:07,Earn,Simple Earn Flexible Subscription,VET,-0.00909088,"""""
"163789747,2021-11-23 03:11:25,Earn,Simple Earn Flexible Subscription,CAKE,-0.00165319,"""""
"163789747,2021-11-23 03:11:26,Spot,Savings Distribution,LDDAI,0.01013270,"""""
"163789747,2021-11-23 03:11:26,Earn,Simple Earn Flexible Subscription,DAI,-0.01013270,"""""
"163789747,2021-11-23 03:11:26,Spot,Savings Distribution,LDCAKE,0.00165319,"""""
"163789747,2021-11-23 03:44:57,Earn,Simple Earn Flexible Interest,DAI,0.01013270,"""""
"163789747,2021-11-23 03:45:12,Earn,Simple Earn Flexible Interest,BTC,4.1E-7,"""""
"163789747,2021-11-23 03:46:57,Earn,Simple Earn Flexible Interest,FET,0.00051547,"""""
"163789747,2021-11-23 03:58:58,Earn,Simple Earn Flexible Interest,VET,0.00909088,"""""
"163789747,2021-11-23 04:37:20,Earn,Simple Earn Flexible Subscription,BTC,-4.1E-7,"""""
"163789747,2021-11-23 04:37:20,Spot,Savings Distribution,LDFET,0.00051547,"""""
"163789747,2021-11-23 04:37:20,Spot,Savings Distribution,LDBTC,4.1E-7,"""""
"163789747,2021-11-23 04:37:20,Earn,Simple Earn Flexible Subscription,FET,-0.00051547,"""""
"163789747,2021-11-23 23:29:35,Earn,Simple Earn Flexible Subscription,DAI,-0.01013270,"""""
"163789747,2021-11-23 23:29:35,Spot,Savings Distribution,LDDAI,0.01013270,"""""
"163789747,2021-11-23 23:29:50,Earn,Simple Earn Flexible Subscription,VET,-0.00909088,"""""
"163789747,2021-11-23 23:29:50,Spot,Savings Distribution,LDVET,0.00909088,"""""
"163789747,2021-11-24 02:17:30,Earn,Simple Earn Flexible Interest,VET,0.00909108,"""""
"163789747,2021-11-24 02:19:01,Earn,Simple Earn Flexible Interest,BTC,4.1E-7,"""""
"163789747,2021-11-24 02:22:28,Earn,Simple Earn Flexible Interest,CAKE,0.00165428,"""""
"163789747,2021-11-24 02:26:17,Earn,Simple Earn Flexible Interest,DAI,0.01013396,"""""
"163789747,2021-11-24 02:29:46,Earn,Simple Earn Flexible Interest,FET,0.00051547,"""""
"163789747,2021-11-24 02:59:37,Spot,Simple Earn Flexible Airdrop,VTHO,0.36642038,"""""
"163789747,2021-11-24 06:17:17,Spot,Savings Distribution,LDVET,0.00909108,"""""
"163789747,2021-11-24 06:17:17,Earn,Simple Earn Flexible Subscription,VET,-0.00909108,"""""
"163789747,2021-11-24 06:17:50,Earn,Simple Earn Flexible Subscription,DAI,-0.01013396,"""""
"163789747,2021-11-24 06:17:50,Earn,Simple Earn Flexible Subscription,CAKE,-0.00165428,"""""
"163789747,2021-11-24 06:17:50,Spot,Savings Distribution,LDCAKE,0.00165428,"""""
"163789747,2021-11-24 06:17:50,Spot,Savings Distribution,LDDAI,0.01013396,"""""
"163789747,2021-11-24 07:07:07,Spot,Savings Distribution,LDBTC,4.1E-7,"""""
"163789747,2021-11-24 07:07:07,Earn,Simple Earn Flexible Subscription,BTC,-4.1E-7,"""""
"163789747,2021-11-24 07:07:08,Earn,Simple Earn Flexible Subscription,FET,-0.00051547,"""""
"163789747,2021-11-24 07:07:08,Spot,Savings Distribution,LDFET,0.00051547,"""""
"163789747,2021-11-25 01:52:25,Spot,Simple Earn Flexible Airdrop,VTHO,0.36646616,"""""
"163789747,2021-11-25 02:08:12,Earn,Simple Earn Flexible Interest,FET,0.00051548,"""""
"163789747,2021-11-25 02:21:10,Earn,Simple Earn Flexible Interest,DAI,0.01013647,"""""
"163789747,2021-11-25 02:31:38,Earn,Simple Earn Flexible Interest,BTC,4.1E-7,"""""
"163789747,2021-11-25 02:36:40,Earn,Simple Earn Flexible Interest,VET,0.00909150,"""""
"163789747,2021-11-25 02:39:49,Earn,Simple Earn Flexible Interest,CAKE,0.00165482,"""""
"163789747,2021-11-25 06:39:56,Earn,Simple Earn Flexible Subscription,CAKE,-0.00165482,"""""
"163789747,2021-11-25 06:39:56,Earn,Simple Earn Flexible Subscription,DAI,-0.01013647,"""""
"163789747,2021-11-25 06:39:56,Spot,Savings Distribution,LDCAKE,0.00165482,"""""
"163789747,2021-11-25 06:39:57,Spot,Savings Distribution,LDDAI,0.01013647,"""""
"163789747,2021-11-25 07:13:15,Earn,Simple Earn Flexible Subscription,VET,-0.00909150,"""""
"163789747,2021-11-25 07:13:15,Spot,Savings Distribution,LDVET,0.00909150,"""""
"163789747,2021-11-25 08:10:50,Spot,Savings Distribution,LDBTC,4.1E-7,"""""
"163789747,2021-11-25 08:10:50,Earn,Simple Earn Flexible Subscription,BTC,-4.1E-7,"""""
"163789747,2021-11-25 08:10:51,Spot,Savings Distribution,LDFET,0.00051548,"""""
"163789747,2021-11-25 08:10:51,Earn,Simple Earn Flexible Subscription,FET,-0.00051548,"""""
"163789747,2021-11-26 01:58:35,Spot,Simple Earn Flexible Airdrop,VTHO,0.36576807,"""""
"163789747,2021-11-26 02:02:27,Earn,Simple Earn Flexible Interest,CAKE,0.00165536,"""""
"163789747,2021-11-26 02:07:51,Earn,Simple Earn Flexible Interest,DAI,0.01013773,"""""
"163789747,2021-11-26 02:16:51,Earn,Simple Earn Flexible Interest,BTC,4.1E-7,"""""
"163789747,2021-11-26 02:17:19,Earn,Simple Earn Flexible Interest,FET,0.00051548,"""""
"163789747,2021-11-26 02:50:21,Earn,Simple Earn Flexible Interest,VET,0.00909170,"""""
"163789747,2021-11-26 06:29:41,Spot,Savings Distribution,LDCAKE,0.00165536,"""""
"163789747,2021-11-26 06:29:41,Spot,Savings Distribution,LDDAI,0.01013773,"""""
"163789747,2021-11-26 06:29:41,Earn,Simple Earn Flexible Subscription,DAI,-0.01013773,"""""
"163789747,2021-11-26 06:29:41,Earn,Simple Earn Flexible Subscription,CAKE,-0.00165536,"""""
"163789747,2021-11-26 07:05:32,Earn,Simple Earn Flexible Subscription,VET,-0.00909170,"""""
"163789747,2021-11-26 07:05:32,Spot,Savings Distribution,LDVET,0.00909170,"""""
"163789747,2021-11-26 08:04:58,Earn,Simple Earn Flexible Subscription,FET,-0.00051548,"""""
"163789747,2021-11-26 08:04:58,Earn,Simple Earn Flexible Subscription,BTC,-4.1E-7,"""""
"163789747,2021-11-26 08:04:58,Spot,Savings Distribution,LDBTC,4.1E-7,"""""
"163789747,2021-11-26 08:04:59,Spot,Savings Distribution,LDFET,0.00051548,"""""
"163789747,2021-11-26 15:17:39,Spot,Transaction Related,BTC,0.00250000,"""""
"163789747,2021-11-26 15:17:39,Spot,Transaction Related,EUR,-121.76000000,"""""
"163789747,2021-11-26 15:17:39,Spot,Deposit,EUR,121.76000000,"""""
"163789747,2021-11-26 21:09:30,Spot,Savings Distribution,LDBTC,0.00250000,"""""
"163789747,2021-11-26 21:09:30,Earn,Simple Earn Flexible Subscription,BTC,-0.00250000,"""""
"163789747,2021-11-27 02:24:53,Earn,Simple Earn Flexible Interest,FET,0.00051549,"""""
"163789747,2021-11-27 02:25:55,Earn,Simple Earn Flexible Interest,VET,0.00909191,"""""
"163789747,2021-11-27 02:27:12,Earn,Simple Earn Flexible Interest,BTC,4.1E-7,"""""
"163789747,2021-11-27 02:31:00,Earn,Simple Earn Flexible Interest,DAI,0.01013899,"""""
"163789747,2021-11-27 02:37:09,Earn,Simple Earn Flexible Interest,CAKE,0.00165591,"""""
"163789747,2021-11-27 03:07:12,Spot,Simple Earn Flexible Airdrop,VTHO,0.36507076,"""""
"163789747,2021-11-27 06:24:51,Earn,Simple Earn Flexible Subscription,CAKE,-0.00165591,"""""
"163789747,2021-11-27 06:24:51,Spot,Savings Distribution,LDCAKE,0.00165591,"""""
"163789747,2021-11-27 06:24:51,Spot,Savings Distribution,LDDAI,0.01013899,"""""
"163789747,2021-11-27 06:24:51,Earn,Simple Earn Flexible Subscription,DAI,-0.01013899,"""""
"163789747,2021-11-27 06:51:01,Spot,Savings Distribution,LDVET,0.00909191,"""""
"163789747,2021-11-27 06:51:01,Earn,Simple Earn Flexible Subscription,VET,-0.00909191,"""""
"163789747,2021-11-27 07:53:30,Earn,Simple Earn Flexible Subscription,FET,-0.00051549,"""""
"163789747,2021-11-27 07:53:30,Spot,Savings Distribution,LDBTC,4.1E-7,"""""
"163789747,2021-11-27 07:53:30,Spot,Savings Distribution,LDFET,0.00051549,"""""
"163789747,2021-11-27 07:53:30,Earn,Simple Earn Flexible Subscription,BTC,-4.1E-7,"""""
"163789747,2021-11-28 01:58:07,Spot,Simple Earn Flexible Airdrop,VTHO,0.36471234,"""""
"163789747,2021-11-28 02:01:37,Earn,Simple Earn Flexible Interest,BTC,6.1E-7,"""""
"163789747,2021-11-28 02:08:36,Earn,Simple Earn Flexible Interest,FET,0.00051550,"""""
"163789747,2021-11-28 02:15:08,Earn,Simple Earn Flexible Interest,VET,0.00909212,"""""
"163789747,2021-11-28 02:22:40,Earn,Simple Earn Flexible Interest,DAI,0.01014025,"""""
"163789747,2021-11-28 02:41:01,Earn,Simple Earn Flexible Interest,CAKE,0.00165645,"""""
"163789747,2021-11-28 06:21:18,Spot,Savings Distribution,LDDAI,0.01014025,"""""
"163789747,2021-11-28 06:21:18,Earn,Simple Earn Flexible Subscription,CAKE,-0.00165645,"""""
"163789747,2021-11-28 06:21:18,Spot,Savings Distribution,LDCAKE,0.00165645,"""""
"163789747,2021-11-28 06:21:18,Earn,Simple Earn Flexible Subscription,DAI,-0.01014025,"""""
"163789747,2021-11-28 06:46:58,Earn,Simple Earn Flexible Subscription,VET,-0.00909212,"""""
"163789747,2021-11-28 06:46:58,Spot,Savings Distribution,LDVET,0.00909212,"""""
"163789747,2021-11-28 07:48:47,Spot,Savings Distribution,LDBTC,6.1E-7,"""""
"163789747,2021-11-28 07:48:47,Earn,Simple Earn Flexible Subscription,FET,-0.00051550,"""""
"163789747,2021-11-28 07:48:47,Earn,Simple Earn Flexible Subscription,BTC,-6.1E-7,"""""
"163789747,2021-11-28 07:48:48,Spot,Savings Distribution,LDFET,0.00051550,"""""
"163789747,2021-11-29 02:05:07,Earn,Simple Earn Flexible Interest,DAI,0.01014151,"""""
"163789747,2021-11-29 02:29:32,Earn,Simple Earn Flexible Interest,BTC,6.1E-7,"""""
"163789747,2021-11-29 02:40:10,Earn,Simple Earn Flexible Interest,VET,0.00909232,"""""
"163789747,2021-11-29 02:46:31,Earn,Simple Earn Flexible Interest,CAKE,0.00165700,"""""
"163789747,2021-11-29 02:54:13,Earn,Simple Earn Flexible Interest,FET,0.00051550,"""""
"163789747,2021-11-29 03:07:22,Spot,Simple Earn Flexible Airdrop,VTHO,0.36589663,"""""
"163789747,2021-11-29 06:29:37,Earn,Simple Earn Flexible Subscription,CAKE,-0.00165700,"""""
"163789747,2021-11-29 06:29:38,Earn,Simple Earn Flexible Subscription,DAI,-0.01014151,"""""
"163789747,2021-11-29 06:29:38,Spot,Savings Distribution,LDDAI,0.01014151,"""""
"163789747,2021-11-29 06:29:38,Spot,Savings Distribution,LDCAKE,0.00165700,"""""
"163789747,2021-11-29 06:59:21,Earn,Simple Earn Flexible Subscription,VET,-0.00909232,"""""
"163789747,2021-11-29 06:59:21,Spot,Savings Distribution,LDVET,0.00909232,"""""
"163789747,2021-11-29 08:00:18,Spot,Savings Distribution,LDBTC,6.1E-7,"""""
"163789747,2021-11-29 08:00:18,Earn,Simple Earn Flexible Subscription,BTC,-6.1E-7,"""""
"163789747,2021-11-29 08:00:18,Earn,Simple Earn Flexible Subscription,FET,-0.00051550,"""""
"163789747,2021-11-29 08:00:18,Spot,Savings Distribution,LDFET,0.00051550,"""""
"163789747,2021-11-30 02:22:06,Spot,Simple Earn Flexible Airdrop,VTHO,0.36703333,"""""
"163789747,2021-11-30 04:06:45,Earn,Simple Earn Flexible Interest,BTC,6.1E-7,"""""
"163789747,2021-11-30 04:07:50,Earn,Simple Earn Flexible Interest,FET,0.00051551,"""""
"163789747,2021-11-30 04:16:27,Earn,Simple Earn Flexible Interest,DAI,0.01014276,"""""
"163789747,2021-11-30 04:18:39,Earn,Simple Earn Flexible Interest,VET,0.00909253,"""""
"163789747,2021-11-30 04:20:56,Earn,Simple Earn Flexible Interest,CAKE,0.00165754,"""""
"163789747,2021-12-01 02:34:06,Spot,Simple Earn Flexible Airdrop,VTHO,0.36642797,"""""
"163789747,2021-12-01 03:07:37,Spot,Savings Distribution,LDCAKE,0.00165754,"""""
"163789747,2021-12-01 03:07:37,Earn,Simple Earn Flexible Subscription,CAKE,-0.00165754,"""""
"163789747,2021-12-01 03:07:37,Earn,Simple Earn Flexible Subscription,DAI,-0.01014276,"""""
"163789747,2021-12-01 03:07:37,Spot,Savings Distribution,LDDAI,0.01014276,"""""
"163789747,2021-12-01 03:15:53,Earn,Simple Earn Flexible Subscription,VET,-0.00909253,"""""
"163789747,2021-12-01 03:15:53,Spot,Savings Distribution,LDVET,0.00909253,"""""
"163789747,2021-12-01 04:09:33,Earn,Simple Earn Flexible Interest,BTC,6.1E-7,"""""
"163789747,2021-12-01 04:11:12,Earn,Simple Earn Flexible Interest,FET,0.00051552,"""""
"163789747,2021-12-01 04:24:12,Earn,Simple Earn Flexible Interest,DAI,0.01014402,"""""
"163789747,2021-12-01 04:27:14,Earn,Simple Earn Flexible Interest,VET,0.00909274,"""""
"163789747,2021-12-01 04:30:11,Earn,Simple Earn Flexible Interest,CAKE,0.00165809,"""""
"163789747,2021-12-01 04:36:13,Earn,Simple Earn Flexible Subscription,BTC,-0.00000122,"""""
"163789747,2021-12-01 04:36:14,Earn,Simple Earn Flexible Subscription,FET,-0.00103103,"""""
"163789747,2021-12-01 04:36:14,Spot,Savings Distribution,LDBTC,0.00000122,"""""
"163789747,2021-12-01 04:36:14,Spot,Savings Distribution,LDFET,0.00103103,"""""
"163789747,2021-12-02 02:07:16,Earn,Simple Earn Flexible Interest,BTC,6.1E-7,"""""
"163789747,2021-12-02 02:27:21,Earn,Simple Earn Flexible Interest,FET,0.00051552,"""""
"163789747,2021-12-02 02:32:35,Earn,Simple Earn Flexible Interest,VET,0.00909274,"""""
"163789747,2021-12-02 02:58:38,Earn,Simple Earn Flexible Interest,CAKE,0.00165809,"""""
"163789747,2021-12-02 03:11:15,Spot,Simple Earn Flexible Airdrop,VTHO,0.32519761,"""""
"163789747,2021-12-02 06:44:14,Earn,Simple Earn Flexible Subscription,VET,-0.01818548,"""""
"163789747,2021-12-02 06:44:14,Spot,Savings Distribution,LDVET,0.01818548,"""""
"163789747,2021-12-02 07:14:35,Spot,Savings Distribution,LDCAKE,0.00331618,"""""
"163789747,2021-12-02 07:14:35,Earn,Simple Earn Flexible Subscription,CAKE,-0.00331618,"""""
"163789747,2021-12-02 07:14:35,Earn,Simple Earn Flexible Subscription,DAI,-0.01014402,"""""
"163789747,2021-12-02 07:14:36,Spot,Savings Distribution,LDDAI,0.01014402,"""""
"163789747,2021-12-02 07:31:47,Spot,Savings Distribution,LDFET,0.00051552,"""""
"163789747,2021-12-02 07:31:47,Spot,Savings Distribution,LDBTC,6.1E-7,"""""
"163789747,2021-12-02 07:31:47,Earn,Simple Earn Flexible Subscription,FET,-0.00051552,"""""
"163789747,2021-12-02 07:31:47,Earn,Simple Earn Flexible Subscription,BTC,-6.1E-7,"""""
"163789747,2021-12-02 08:04:47,Earn,Simple Earn Flexible Interest,DAI,0.01014402,"""""
"163789747,2021-12-02 21:04:08,Spot,Savings Distribution,LDDAI,0.01014402,"""""
"163789747,2021-12-02 21:04:08,Earn,Simple Earn Flexible Subscription,DAI,-0.01014402,"""""
"163789747,2021-12-03 02:17:32,Earn,Simple Earn Flexible Interest,BTC,6.1E-7,"""""
"163789747,2021-12-03 02:18:22,Earn,Simple Earn Flexible Interest,FET,0.00051553,"""""
"163789747,2021-12-03 02:35:31,Earn,Simple Earn Flexible Interest,CAKE,0.00165863,"""""
"163789747,2021-12-03 02:35:58,Earn,Simple Earn Flexible Interest,DAI,0.00492673,"""""
"163789747,2021-12-03 03:00:12,Spot,Simple Earn Flexible Airdrop,VTHO,0.32514722,"""""
"163789747,2021-12-03 03:09:10,Earn,Simple Earn Flexible Interest,VET,0.00909294,"""""
"163789747,2021-12-03 07:29:39,Spot,Savings Distribution,LDVET,0.00909294,"""""
"163789747,2021-12-03 07:29:39,Earn,Simple Earn Flexible Subscription,VET,-0.00909294,"""""
"163789747,2021-12-03 08:45:57,Spot,Savings Distribution,LDCAKE,0.00165863,"""""
"163789747,2021-12-03 08:45:57,Earn,Simple Earn Flexible Subscription,DAI,-0.00492673,"""""
"163789747,2021-12-03 08:45:57,Earn,Simple Earn Flexible Subscription,CAKE,-0.00165863,"""""
"163789747,2021-12-03 08:45:57,Spot,Savings Distribution,LDDAI,0.00492673,"""""
"163789747,2021-12-03 08:52:22,Earn,Simple Earn Flexible Subscription,BTC,-6.1E-7,"""""
"163789747,2021-12-03 08:52:22,Spot,Savings Distribution,LDBTC,6.1E-7,"""""
"163789747,2021-12-03 08:52:23,Spot,Savings Distribution,LDFET,0.00051553,"""""
"163789747,2021-12-03 08:52:23,Earn,Simple Earn Flexible Subscription,FET,-0.00051553,"""""
"163789747,2021-12-04 02:01:56,Earn,Simple Earn Flexible Interest,CAKE,0.00165972,"""""
"163789747,2021-12-04 02:05:37,Earn,Simple Earn Flexible Interest,FET,0.00051554,"""""
"163789747,2021-12-04 02:09:40,Earn,Simple Earn Flexible Interest,VET,0.00909336,"""""
"163789747,2021-12-04 02:24:22,Earn,Simple Earn Flexible Interest,DAI,0.00492795,"""""
"163789747,2021-12-04 02:29:22,Earn,Simple Earn Flexible Interest,BTC,6.1E-7,"""""
"163789747,2021-12-04 03:25:09,Spot,Simple Earn Flexible Airdrop,VTHO,0.32507453,"""""
"163789747,2021-12-04 10:06:56,Earn,Simple Earn Flexible Subscription,VET,-0.00909336,"""""
"163789747,2021-12-04 10:06:56,Spot,Savings Distribution,LDVET,0.00909336,"""""
"163789747,2021-12-04 10:59:02,Earn,Simple Earn Flexible Subscription,CAKE,-0.00165972,"""""
"163789747,2021-12-04 10:59:02,Spot,Savings Distribution,LDCAKE,0.00165972,"""""
"163789747,2021-12-04 10:59:02,Spot,Savings Distribution,LDDAI,0.00492795,"""""
"163789747,2021-12-04 10:59:02,Earn,Simple Earn Flexible Subscription,DAI,-0.00492795,"""""
"163789747,2021-12-04 11:28:16,Earn,Simple Earn Flexible Subscription,BTC,-6.1E-7,"""""
"163789747,2021-12-04 11:28:17,Spot,Savings Distribution,LDFET,0.00051554,"""""
"163789747,2021-12-04 11:28:17,Spot,Savings Distribution,LDBTC,6.1E-7,"""""
"163789747,2021-12-04 11:28:17,Earn,Simple Earn Flexible Subscription,FET,-0.00051554,"""""
"163789747,2021-12-05 02:07:18,Earn,Simple Earn Flexible Interest,BTC,6.1E-7,"""""
"163789747,2021-12-05 02:19:31,Earn,Simple Earn Flexible Interest,FET,0.00051554,"""""
"163789747,2021-12-05 02:21:28,Earn,Simple Earn Flexible Interest,VET,0.00909357,"""""
"163789747,2021-12-05 02:30:06,Earn,Simple Earn Flexible Interest,CAKE,0.00166027,"""""
"163789747,2021-12-05 02:48:02,Earn,Simple Earn Flexible Interest,DAI,0.00492824,"""""
"163789747,2021-12-05 02:50:50,Spot,Simple Earn Flexible Airdrop,VTHO,0.32575475,"""""
"163789747,2021-12-05 08:26:11,Spot,Savings Distribution,LDVET,0.00909357,"""""
"163789747,2021-12-05 08:26:11,Earn,Simple Earn Flexible Subscription,VET,-0.00909357,"""""
"163789747,2021-12-05 09:30:41,Spot,Savings Distribution,LDCAKE,0.00166027,"""""
"163789747,2021-12-05 09:30:41,Spot,Savings Distribution,LDDAI,0.00492824,"""""
"163789747,2021-12-05 09:30:41,Earn,Simple Earn Flexible Subscription,CAKE,-0.00166027,"""""
"163789747,2021-12-05 09:30:41,Earn,Simple Earn Flexible Subscription,DAI,-0.00492824,"""""
"163789747,2021-12-05 09:38:28,Spot,Savings Distribution,LDBTC,6.1E-7,"""""
"163789747,2021-12-05 09:38:28,Earn,Simple Earn Flexible Subscription,FET,-0.00051554,"""""
"163789747,2021-12-05 09:38:28,Spot,Savings Distribution,LDFET,0.00051554,"""""
"163789747,2021-12-05 09:38:28,Earn,Simple Earn Flexible Subscription,BTC,-6.1E-7,"""""
"163789747,2021-12-06 01:54:07,Spot,Simple Earn Flexible Airdrop,VTHO,0.32535042,"""""
"163789747,2021-12-06 02:05:02,Earn,Simple Earn Flexible Interest,VET,0.00909377,"""""
"163789747,2021-12-06 02:07:47,Earn,Simple Earn Flexible Interest,BTC,6.1E-7,"""""
"163789747,2021-12-06 02:08:08,Earn,Simple Earn Flexible Interest,DAI,0.00492854,"""""
"163789747,2021-12-06 02:12:32,Earn,Simple Earn Flexible Interest,CAKE,0.00166081,"""""
"163789747,2021-12-06 02:55:06,Earn,Simple Earn Flexible Interest,FET,0.00051555,"""""
"163789747,2021-12-06 09:09:32,Spot,Savings Distribution,LDCAKE,0.00166081,"""""
"163789747,2021-12-06 09:09:32,Earn,Simple Earn Flexible Subscription,CAKE,-0.00166081,"""""
"163789747,2021-12-06 09:09:32,Earn,Simple Earn Flexible Subscription,DAI,-0.00492854,"""""
"163789747,2021-12-06 09:09:33,Spot,Savings Distribution,LDDAI,0.00492854,"""""
"163789747,2021-12-06 09:13:56,Earn,Simple Earn Flexible Subscription,FET,-0.00051555,"""""
"163789747,2021-12-06 09:13:56,Earn,Simple Earn Flexible Subscription,BTC,-6.1E-7,"""""
"163789747,2021-12-06 09:13:56,Spot,Savings Distribution,LDBTC,6.1E-7,"""""
"163789747,2021-12-06 09:13:57,Spot,Savings Distribution,LDFET,0.00051555,"""""
"163789747,2021-12-06 09:58:48,Spot,Savings Distribution,LDVET,0.00909377,"""""
"163789747,2021-12-06 09:58:48,Earn,Simple Earn Flexible Subscription,VET,-0.00909377,"""""
"163789747,2021-12-07 01:56:20,Spot,Simple Earn Flexible Airdrop,VTHO,0.32670514,"""""
"163789747,2021-12-07 02:02:42,Earn,Simple Earn Flexible Interest,DAI,0.00492884,"""""
"163789747,2021-12-07 02:12:15,Earn,Simple Earn Flexible Interest,BTC,6.1E-7,"""""
"163789747,2021-12-07 02:13:39,Earn,Simple Earn Flexible Interest,FET,0.00051556,"""""
"163789747,2021-12-07 02:26:13,Earn,Simple Earn Flexible Interest,CAKE,0.00166136,"""""
"163789747,2021-12-07 02:30:31,Earn,Simple Earn Flexible Interest,VET,0.00909398,"""""
"163789747,2021-12-07 08:48:32,Earn,Simple Earn Flexible Subscription,CAKE,-0.00166136,"""""
"163789747,2021-12-07 08:48:32,Spot,Savings Distribution,LDCAKE,0.00166136,"""""
"163789747,2021-12-07 08:48:32,Spot,Savings Distribution,LDDAI,0.00492884,"""""
"163789747,2021-12-07 08:48:32,Earn,Simple Earn Flexible Subscription,DAI,-0.00492884,"""""
"163789747,2021-12-07 08:50:56,Earn,Simple Earn Flexible Subscription,BTC,-6.1E-7,"""""
"163789747,2021-12-07 08:50:57,Spot,Savings Distribution,LDFET,0.00051556,"""""
"163789747,2021-12-07 08:50:57,Earn,Simple Earn Flexible Subscription,FET,-0.00051556,"""""
"163789747,2021-12-07 08:50:57,Spot,Savings Distribution,LDBTC,6.1E-7,"""""
"163789747,2021-12-07 09:35:57,Earn,Simple Earn Flexible Subscription,VET,-0.00909398,"""""
"163789747,2021-12-07 09:35:57,Spot,Savings Distribution,LDVET,0.00909398,"""""
"163789747,2021-12-08 01:59:05,Spot,Simple Earn Flexible Airdrop,VTHO,0.32700705,"""""
"163789747,2021-12-08 02:02:46,Earn,Simple Earn Flexible Interest,CAKE,0.00166190,"""""
"163789747,2021-12-08 02:10:04,Earn,Simple Earn Flexible Interest,VET,0.00909419,"""""
"163789747,2021-12-08 02:20:44,Earn,Simple Earn Flexible Interest,BTC,6.1E-7,"""""
"163789747,2021-12-08 02:24:52,Earn,Simple Earn Flexible Interest,FET,0.00051556,"""""
"163789747,2021-12-08 02:51:19,Earn,Simple Earn Flexible Interest,DAI,0.00492914,"""""
"163789747,2021-12-08 08:34:01,Earn,Simple Earn Flexible Subscription,DAI,-0.00492914,"""""
"163789747,2021-12-08 08:34:01,Spot,Savings Distribution,LDDAI,0.00492914,"""""
"163789747,2021-12-08 08:34:01,Earn,Simple Earn Flexible Subscription,CAKE,-0.00166190,"""""
"163789747,2021-12-08 08:34:01,Spot,Savings Distribution,LDCAKE,0.00166190,"""""
"163789747,2021-12-08 09:19:46,Spot,Savings Distribution,LDVET,0.00909419,"""""
"163789747,2021-12-08 09:19:46,Earn,Simple Earn Flexible Subscription,VET,-0.00909419,"""""
"163789747,2021-12-08 10:45:21,Earn,Simple Earn Flexible Subscription,FET,-0.00051556,"""""
"163789747,2021-12-08 10:45:21,Earn,Simple Earn Flexible Subscription,BTC,-6.1E-7,"""""
"163789747,2021-12-08 10:45:21,Spot,Savings Distribution,LDBTC,6.1E-7,"""""
"163789747,2021-12-08 10:45:21,Spot,Savings Distribution,LDFET,0.00051556,"""""
"163789747,2021-12-09 02:31:14,Spot,Simple Earn Flexible Airdrop,VTHO,0.32668231,"""""
"163789747,2021-12-09 04:12:45,Earn,Simple Earn Flexible Interest,DAI,0.00492943,"""""
"163789747,2021-12-09 04:23:36,Earn,Simple Earn Flexible Interest,FET,0.00051557,"""""
"163789747,2021-12-09 04:27:35,Earn,Simple Earn Flexible Interest,BTC,6.1E-7,"""""
"163789747,2021-12-09 04:27:36,Earn,Simple Earn Flexible Interest,VET,0.00909439,"""""
"163789747,2021-12-09 04:31:40,Earn,Simple Earn Flexible Interest,CAKE,0.00166245,"""""
"163789747,2021-12-10 00:27:50,Earn,Simple Earn Flexible Subscription,BTC,-6.1E-7,"""""
"163789747,2021-12-10 00:27:51,Earn,Simple Earn Flexible Subscription,FET,-0.00051557,"""""
"163789747,2021-12-10 00:27:51,Spot,Savings Distribution,LDFET,0.00051557,"""""
"163789747,2021-12-10 00:27:51,Spot,Savings Distribution,LDBTC,6.1E-7,"""""
"163789747,2021-12-10 02:13:41,Earn,Simple Earn Flexible Interest,DAI,0.00492973,"""""
"163789747,2021-12-10 02:24:46,Earn,Simple Earn Flexible Interest,FET,0.00051558,"""""
"163789747,2021-12-10 02:28:57,Earn,Simple Earn Flexible Interest,VET,0.00909460,"""""
"163789747,2021-12-10 02:30:29,Earn,Simple Earn Flexible Interest,BTC,6.1E-7,"""""
"163789747,2021-12-10 02:36:51,Earn,Simple Earn Flexible Interest,CAKE,0.00166300,"""""
"163789747,2021-12-10 02:44:47,Spot,Simple Earn Flexible Airdrop,VTHO,0.32667491,"""""
"163789747,2021-12-10 08:56:35,Earn,Simple Earn Flexible Subscription,CAKE,-0.00332545,"""""
"163789747,2021-12-10 08:56:36,Spot,Savings Distribution,LDCAKE,0.00332545,"""""
"163789747,2021-12-10 08:56:36,Earn,Simple Earn Flexible Subscription,DAI,-0.00985916,"""""
"163789747,2021-12-10 08:56:36,Spot,Savings Distribution,LDDAI,0.00985916,"""""
"163789747,2021-12-10 09:10:55,Spot,Savings Distribution,LDVET,0.01818899,"""""
"163789747,2021-12-10 09:10:55,Earn,Simple Earn Flexible Subscription,VET,-0.01818899,"""""
"163789747,2021-12-10 10:31:48,Spot,Savings Distribution,LDFET,0.00051558,"""""
"163789747,2021-12-10 10:31:48,Earn,Simple Earn Flexible Subscription,BTC,-6.1E-7,"""""
"163789747,2021-12-10 10:31:48,Spot,Savings Distribution,LDBTC,6.1E-7,"""""
"163789747,2021-12-10 10:31:48,Earn,Simple Earn Flexible Subscription,FET,-0.00051558,"""""
"163789747,2021-12-11 02:20:20,Spot,Simple Earn Flexible Airdrop,VTHO,0.32785604,"""""
"163789747,2021-12-11 04:16:23,Earn,Simple Earn Flexible Interest,VET,0.00909460,"""""
"163789747,2021-12-11 04:19:59,Earn,Simple Earn Flexible Interest,FET,0.00051558,"""""
"163789747,2021-12-11 04:23:35,Earn,Simple Earn Flexible Interest,DAI,0.00492973,"""""
"163789747,2021-12-11 04:46:15,Earn,Simple Earn Flexible Interest,BTC,6.1E-7,"""""
"163789747,2021-12-11 04:46:45,Earn,Simple Earn Flexible Interest,CAKE,0.00166300,"""""
"163789747,2021-12-12 00:10:11,Spot,Savings Distribution,LDFET,0.00051558,"""""
"163789747,2021-12-12 00:10:11,Earn,Simple Earn Flexible Subscription,FET,-0.00051558,"""""
"163789747,2021-12-12 00:10:11,Earn,Simple Earn Flexible Subscription,BTC,-6.1E-7,"""""
"163789747,2021-12-12 00:10:11,Spot,Savings Distribution,LDBTC,6.1E-7,"""""
"163789747,2021-12-12 02:18:58,Spot,Simple Earn Flexible Airdrop,VTHO,0.32795431,"""""
"163789747,2021-12-12 04:19:20,Earn,Simple Earn Flexible Interest,VET,0.00909501,"""""
"163789747,2021-12-12 04:23:10,Earn,Simple Earn Flexible Interest,FET,0.00051559,"""""
"163789747,2021-12-12 04:28:41,Earn,Simple Earn Flexible Interest,DAI,0.00493032,"""""
"163789747,2021-12-12 04:58:32,Earn,Simple Earn Flexible Interest,CAKE,0.00166409,"""""
"163789747,2021-12-12 04:58:42,Earn,Simple Earn Flexible Interest,BTC,6.1E-7,"""""
"163789747,2021-12-12 05:51:25,Earn,Simple Earn Flexible Subscription,DAI,-0.00986005,"""""
"163789747,2021-12-12 05:51:25,Earn,Simple Earn Flexible Subscription,CAKE,-0.00332709,"""""
"163789747,2021-12-12 05:51:25,Spot,Savings Distribution,LDDAI,0.00986005,"""""
"163789747,2021-12-12 05:51:25,Spot,Savings Distribution,LDCAKE,0.00332709,"""""
"163789747,2021-12-12 05:58:50,Earn,Simple Earn Flexible Subscription,VET,-0.01818961,"""""
"163789747,2021-12-12 05:58:50,Spot,Savings Distribution,LDVET,0.01818961,"""""
"163789747,2021-12-12 07:20:37,Spot,Savings Distribution,LDBTC,6.1E-7,"""""
"163789747,2021-12-12 07:20:37,Earn,Simple Earn Flexible Subscription,BTC,-6.1E-7,"""""
"163789747,2021-12-12 07:20:38,Earn,Simple Earn Flexible Subscription,FET,-0.00051559,"""""
"163789747,2021-12-12 07:20:38,Spot,Savings Distribution,LDFET,0.00051559,"""""
"163789747,2021-12-13 02:20:42,Spot,Simple Earn Flexible Airdrop,VTHO,0.32785314,"""""
"163789747,2021-12-13 04:16:44,Earn,Simple Earn Flexible Interest,BTC,6.1E-7,"""""
"163789747,2021-12-13 04:41:31,Earn,Simple Earn Flexible Interest,CAKE,0.00166409,"""""
"163789747,2021-12-13 04:48:20,Earn,Simple Earn Flexible Interest,DAI,0.00493032,"""""
"163789747,2021-12-13 04:57:28,Earn,Simple Earn Flexible Interest,VET,0.00909501,"""""
"163789747,2021-12-13 04:57:46,Earn,Simple Earn Flexible Interest,FET,0.00051559,"""""
"163789747,2021-12-13 05:44:48,Spot,Savings Distribution,LDCAKE,0.00166409,"""""
"163789747,2021-12-13 05:44:48,Earn,Simple Earn Flexible Subscription,DAI,-0.00493032,"""""
"163789747,2021-12-13 05:44:48,Spot,Savings Distribution,LDDAI,0.00493032,"""""
"163789747,2021-12-13 05:44:48,Earn,Simple Earn Flexible Subscription,CAKE,-0.00166409,"""""
"163789747,2021-12-13 05:47:57,Earn,Simple Earn Flexible Subscription,VET,-0.00909501,"""""
"163789747,2021-12-13 05:47:57,Spot,Savings Distribution,LDVET,0.00909501,"""""
"163789747,2021-12-14 00:25:51,Earn,Simple Earn Flexible Subscription,BTC,-6.1E-7,"""""
"163789747,2021-12-14 00:25:52,Spot,Savings Distribution,LDBTC,6.1E-7,"""""
"163789747,2021-12-14 00:25:52,Earn,Simple Earn Flexible Subscription,FET,-0.00051559,"""""
"163789747,2021-12-14 00:25:52,Spot,Savings Distribution,LDFET,0.00051559,"""""
"163789747,2021-12-14 01:53:13,Spot,Simple Earn Flexible Airdrop,VTHO,0.32818910,"""""
"163789747,2021-12-14 04:09:43,Earn,Simple Earn Flexible Interest,DAI,0.00493092,"""""
"163789747,2021-12-14 04:14:48,Earn,Simple Earn Flexible Interest,BTC,6.1E-7,"""""
"163789747,2021-12-14 04:22:05,Earn,Simple Earn Flexible Interest,CAKE,0.00166518,"""""
"163789747,2021-12-14 04:24:37,Earn,Simple Earn Flexible Interest,VET,0.00909543,"""""
"163789747,2021-12-14 04:53:12,Earn,Simple Earn Flexible Interest,FET,0.00051560,"""""
"163789747,2021-12-14 06:44:14,Spot,Savings Distribution,LDVET,0.00909543,"""""
"163789747,2021-12-14 06:44:14,Earn,Simple Earn Flexible Subscription,VET,-0.00909543,"""""
"163789747,2021-12-14 06:58:35,Earn,Simple Earn Flexible Subscription,CAKE,-0.00166518,"""""
"163789747,2021-12-14 06:58:35,Spot,Savings Distribution,LDCAKE,0.00166518,"""""
"163789747,2021-12-14 06:58:35,Earn,Simple Earn Flexible Subscription,DAI,-0.00493092,"""""
"163789747,2021-12-14 06:58:36,Spot,Savings Distribution,LDDAI,0.00493092,"""""
"163789747,2021-12-14 08:17:29,Earn,Simple Earn Flexible Subscription,BTC,-6.1E-7,"""""
"163789747,2021-12-14 08:17:29,Spot,Savings Distribution,LDFET,0.00051560,"""""
"163789747,2021-12-14 08:17:29,Earn,Simple Earn Flexible Subscription,FET,-0.00051560,"""""
"163789747,2021-12-14 08:17:29,Spot,Savings Distribution,LDBTC,6.1E-7,"""""
"163789747,2021-12-15 02:18:39,Spot,Simple Earn Flexible Airdrop,VTHO,0.32844891,"""""
"163789747,2021-12-15 04:19:11,Earn,Simple Earn Flexible Interest,VET,0.00909563,"""""
"163789747,2021-12-15 04:47:39,Earn,Simple Earn Flexible Interest,FET,0.00051560,"""""
"163789747,2021-12-15 04:51:57,Earn,Simple Earn Flexible Interest,BTC,6.1E-7,"""""
"163789747,2021-12-15 04:52:36,Earn,Simple Earn Flexible Interest,CAKE,0.00166573,"""""
"163789747,2021-12-15 05:00:43,Earn,Simple Earn Flexible Interest,DAI,0.00493122,"""""
"163789747,2021-12-15 06:11:31,Earn,Simple Earn Flexible Subscription,VET,-0.00909563,"""""
"163789747,2021-12-15 06:11:31,Spot,Savings Distribution,LDVET,0.00909563,"""""
"163789747,2021-12-15 06:25:04,Earn,Simple Earn Flexible Subscription,CAKE,-0.00166573,"""""
"163789747,2021-12-15 06:25:04,Spot,Savings Distribution,LDCAKE,0.00166573,"""""
"163789747,2021-12-15 06:25:05,Spot,Savings Distribution,LDDAI,0.00493122,"""""
"163789747,2021-12-15 06:25:05,Earn,Simple Earn Flexible Subscription,DAI,-0.00493122,"""""
"163789747,2021-12-15 07:46:52,Earn,Simple Earn Flexible Subscription,FET,-0.00051560,"""""
"163789747,2021-12-15 07:46:52,Spot,Savings Distribution,LDFET,0.00051560,"""""
"163789747,2021-12-15 07:46:52,Earn,Simple Earn Flexible Subscription,BTC,-6.1E-7,"""""
"163789747,2021-12-15 07:46:52,Spot,Savings Distribution,LDBTC,6.1E-7,"""""
"163789747,2021-12-16 02:18:27,Spot,Simple Earn Flexible Airdrop,VTHO,0.32778309,"""""
"163789747,2021-12-16 04:02:37,Earn,Simple Earn Flexible Interest,BTC,6.1E-7,"""""
"163789747,2021-12-16 04:22:30,Earn,Simple Earn Flexible Interest,CAKE,0.00166628,"""""
"163789747,2021-12-16 04:24:03,Earn,Simple Earn Flexible Interest,FET,0.00051562,"""""
"163789747,2021-12-16 04:45:52,Earn,Simple Earn Flexible Interest,VET,0.00909584,"""""
"163789747,2021-12-16 04:54:26,Earn,Simple Earn Flexible Interest,DAI,0.00493151,"""""
"163789747,2021-12-16 05:15:48,Earn,Simple Earn Flexible Subscription,CAKE,-0.00166628,"""""
"163789747,2021-12-16 05:15:48,Spot,Savings Distribution,LDCAKE,0.00166628,"""""
"163789747,2021-12-16 05:15:48,Earn,Simple Earn Flexible Subscription,DAI,-0.00493151,"""""
"163789747,2021-12-16 05:15:49,Spot,Savings Distribution,LDDAI,0.00493151,"""""
"163789747,2021-12-16 05:53:05,Spot,Savings Distribution,LDBTC,6.1E-7,"""""
"163789747,2021-12-16 05:53:05,Earn,Simple Earn Flexible Subscription,FET,-0.00051562,"""""
"163789747,2021-12-16 05:53:05,Earn,Simple Earn Flexible Subscription,BTC,-6.1E-7,"""""
"163789747,2021-12-16 05:53:05,Spot,Savings Distribution,LDFET,0.00051562,"""""
"163789747,2021-12-17 02:18:05,Spot,Simple Earn Flexible Airdrop,VTHO,0.32760425,"""""
"163789747,2021-12-17 04:03:01,Earn,Simple Earn Flexible Interest,CAKE,0.00166683,"""""
"163789747,2021-12-17 04:15:45,Earn,Simple Earn Flexible Interest,BTC,6.1E-7,"""""
"163789747,2021-12-17 04:17:10,Earn,Simple Earn Flexible Interest,FET,0.00051562,"""""
"163789747,2021-12-17 04:35:54,Earn,Simple Earn Flexible Interest,DAI,0.00493181,"""""
"163789747,2021-12-17 04:44:30,Earn,Simple Earn Flexible Interest,VET,0.00909605,"""""
"163789747,2021-12-17 05:30:30,Earn,Simple Earn Flexible Subscription,VET,-0.01819189,"""""
"163789747,2021-12-17 05:30:31,Spot,Savings Distribution,LDVET,0.01819189,"""""
"163789747,2021-12-17 05:44:05,Spot,Savings Distribution,LDCAKE,0.00166683,"""""
"163789747,2021-12-17 05:44:05,Earn,Simple Earn Flexible Subscription,DAI,-0.00493181,"""""
"163789747,2021-12-17 05:44:05,Earn,Simple Earn Flexible Subscription,CAKE,-0.00166683,"""""
"163789747,2021-12-17 05:44:05,Spot,Savings Distribution,LDDAI,0.00493181,"""""
"163789747,2021-12-17 06:45:31,Earn,Simple Earn Flexible Subscription,BTC,-6.1E-7,"""""
"163789747,2021-12-17 06:45:32,Spot,Savings Distribution,LDFET,0.00051562,"""""
"163789747,2021-12-17 06:45:32,Earn,Simple Earn Flexible Subscription,FET,-0.00051562,"""""
"163789747,2021-12-17 06:45:32,Spot,Savings Distribution,LDBTC,6.1E-7,"""""
"163789747,2021-12-18 01:46:52,Spot,Simple Earn Flexible Airdrop,VTHO,0.32644449,"""""
"163789747,2021-12-18 04:02:28,Earn,Simple Earn Flexible Interest,BTC,6.1E-7,"""""
"163789747,2021-12-18 04:48:56,Earn,Simple Earn Flexible Interest,FET,0.00051563,"""""
"163789747,2021-12-18 05:05:11,Earn,Simple Earn Flexible Interest,VET,0.00909605,"""""
"163789747,2021-12-18 05:06:26,Earn,Simple Earn Flexible Interest,CAKE,0.00166737,"""""
"163789747,2021-12-18 05:06:37,Earn,Simple Earn Flexible Interest,DAI,0.00493211,"""""
"163789747,2021-12-18 05:25:21,Spot,Savings Distribution,LDVET,0.00909605,"""""
"163789747,2021-12-18 05:25:21,Earn,Simple Earn Flexible Subscription,VET,-0.00909605,"""""
"163789747,2021-12-18 05:37:39,Earn,Simple Earn Flexible Subscription,DAI,-0.00493211,"""""
"163789747,2021-12-18 05:37:39,Spot,Savings Distribution,LDDAI,0.00493211,"""""
"163789747,2021-12-18 05:37:39,Earn,Simple Earn Flexible Subscription,CAKE,-0.00166737,"""""
"163789747,2021-12-18 05:37:39,Spot,Savings Distribution,LDCAKE,0.00166737,"""""
"163789747,2021-12-18 06:41:08,Spot,Savings Distribution,LDFET,0.00051563,"""""
"163789747,2021-12-18 06:41:08,Earn,Simple Earn Flexible Subscription,FET,-0.00051563,"""""
"163789747,2021-12-18 06:41:08,Spot,Savings Distribution,LDBTC,6.1E-7,"""""
"163789747,2021-12-18 06:41:08,Earn,Simple Earn Flexible Subscription,BTC,-6.1E-7,"""""
"163789747,2021-12-19 02:17:53,Spot,Simple Earn Flexible Airdrop,VTHO,0.32161194,"""""
"163789747,2021-12-19 04:03:16,Earn,Simple Earn Flexible Interest,DAI,0.00493240,"""""
"163789747,2021-12-19 04:13:30,Earn,Simple Earn Flexible Interest,VET,0.00909646,"""""
"163789747,2021-12-19 04:22:27,Earn,Simple Earn Flexible Interest,BTC,6.1E-7,"""""
"163789747,2021-12-19 04:42:20,Earn,Simple Earn Flexible Interest,CAKE,0.00166792,"""""
"163789747,2021-12-19 05:02:38,Earn,Simple Earn Flexible Interest,FET,0.00051564,"""""
"163789747,2021-12-19 05:22:47,Earn,Simple Earn Flexible Subscription,DAI,-0.00493240,"""""
"163789747,2021-12-19 05:22:47,Spot,Savings Distribution,LDCAKE,0.00166792,"""""
"163789747,2021-12-19 05:22:47,Earn,Simple Earn Flexible Subscription,CAKE,-0.00166792,"""""
"163789747,2021-12-19 05:22:48,Spot,Savings Distribution,LDDAI,0.00493240,"""""
"163789747,2021-12-19 06:12:54,Spot,Savings Distribution,LDVET,0.00909646,"""""
"163789747,2021-12-19 06:12:54,Earn,Simple Earn Flexible Subscription,VET,-0.00909646,"""""
"163789747,2021-12-19 07:31:30,Earn,Simple Earn Flexible Subscription,BTC,-6.1E-7,"""""
"163789747,2021-12-19 07:31:30,Spot,Savings Distribution,LDBTC,6.1E-7,"""""
"163789747,2021-12-19 07:31:31,Spot,Savings Distribution,LDFET,0.00051564,"""""
"163789747,2021-12-19 07:31:31,Earn,Simple Earn Flexible Subscription,FET,-0.00051564,"""""
"163789747,2021-12-20 01:46:06,Spot,Simple Earn Flexible Airdrop,VTHO,0.32091174,"""""
"163789747,2021-12-20 04:22:09,Earn,Simple Earn Flexible Interest,BTC,6.1E-7,"""""
"163789747,2021-12-20 04:22:47,Earn,Simple Earn Flexible Interest,DAI,0.00493270,"""""
"163789747,2021-12-20 04:41:29,Earn,Simple Earn Flexible Interest,CAKE,0.00166847,"""""
"163789747,2021-12-20 04:58:27,Earn,Simple Earn Flexible Interest,VET,0.00909667,"""""
"163789747,2021-12-20 05:01:58,Earn,Simple Earn Flexible Interest,FET,0.00051564,"""""
"163789747,2021-12-20 05:41:23,Spot,Savings Distribution,LDCAKE,0.00166847,"""""
"163789747,2021-12-20 05:41:23,Earn,Simple Earn Flexible Subscription,DAI,-0.00493270,"""""
"163789747,2021-12-20 05:41:23,Spot,Savings Distribution,LDDAI,0.00493270,"""""
"163789747,2021-12-20 05:41:23,Earn,Simple Earn Flexible Subscription,CAKE,-0.00166847,"""""
"163789747,2021-12-20 06:31:46,Spot,Savings Distribution,LDVET,0.00909667,"""""
"163789747,2021-12-20 06:31:46,Earn,Simple Earn Flexible Subscription,VET,-0.00909667,"""""
"163789747,2021-12-20 07:59:55,Spot,Savings Distribution,LDBTC,6.1E-7,"""""
"163789747,2021-12-20 07:59:55,Earn,Simple Earn Flexible Subscription,BTC,-6.1E-7,"""""
"163789747,2021-12-20 07:59:56,Spot,Savings Distribution,LDFET,0.00051564,"""""
"163789747,2021-12-20 07:59:56,Earn,Simple Earn Flexible Subscription,FET,-0.00051564,"""""
"163789747,2021-12-21 01:48:49,Spot,Simple Earn Flexible Airdrop,VTHO,0.32184484,"""""
"163789747,2021-12-21 02:11:30,Earn,Simple Earn Flexible Interest,CAKE,0.00166902,"""""
"163789747,2021-12-21 02:21:23,Earn,Simple Earn Flexible Interest,FET,0.00051565,"""""
"163789747,2021-12-21 02:42:29,Earn,Simple Earn Flexible Interest,DAI,0.00493300,"""""
"163789747,2021-12-21 02:45:26,Earn,Simple Earn Flexible Interest,VET,0.00909687,"""""
"163789747,2021-12-21 02:52:07,Earn,Simple Earn Flexible Interest,BTC,6.1E-7,"""""
"163789747,2021-12-21 08:35:41,Earn,Simple Earn Flexible Subscription,DAI,-0.00493300,"""""
"163789747,2021-12-21 08:35:41,Spot,Savings Distribution,LDDAI,0.00493300,"""""
"163789747,2021-12-21 08:35:41,Spot,Savings Distribution,LDCAKE,0.00166902,"""""
"163789747,2021-12-21 08:35:41,Earn,Simple Earn Flexible Subscription,CAKE,-0.00166902,"""""
"163789747,2021-12-21 09:19:05,Spot,Savings Distribution,LDVET,0.00909687,"""""
"163789747,2021-12-21 09:19:05,Earn,Simple Earn Flexible Subscription,VET,-0.00909687,"""""
"163789747,2021-12-21 21:42:38,Earn,Simple Earn Flexible Subscription,BTC,-6.1E-7,"""""
"163789747,2021-12-21 21:42:38,Spot,Savings Distribution,LDFET,0.00051565,"""""
"163789747,2021-12-21 21:42:38,Earn,Simple Earn Flexible Subscription,FET,-0.00051565,"""""
"163789747,2021-12-21 21:42:38,Spot,Savings Distribution,LDBTC,6.1E-7,"""""
"163789747,2021-12-22 01:42:46,Spot,Simple Earn Flexible Airdrop,VTHO,0.32152062,"""""
"163789747,2021-12-22 04:08:00,Earn,Simple Earn Flexible Interest,CAKE,0.00166957,"""""
"163789747,2021-12-22 04:10:32,Earn,Simple Earn Flexible Interest,VET,0.00909708,"""""
"163789747,2021-12-22 04:22:52,Earn,Simple Earn Flexible Interest,BTC,6.1E-7,"""""
"163789747,2021-12-22 04:28:41,Earn,Simple Earn Flexible Interest,DAI,0.00493330,"""""
"163789747,2021-12-22 04:29:21,Earn,Simple Earn Flexible Interest,FET,0.00051566,"""""
"163789747,2021-12-23 00:11:53,Earn,Simple Earn Flexible Subscription,BTC,-6.1E-7,"""""
"163789747,2021-12-23 00:11:53,Spot,Savings Distribution,LDBTC,6.1E-7,"""""
"163789747,2021-12-23 00:12:06,Earn,Simple Earn Flexible Subscription,FET,-0.00051566,"""""
"163789747,2021-12-23 00:12:07,Spot,Savings Distribution,LDFET,0.00051566,"""""
"163789747,2021-12-23 01:51:11,Spot,Simple Earn Flexible Airdrop,VTHO,0.32213473,"""""
"163789747,2021-12-23 02:05:20,Earn,Simple Earn Flexible Interest,VET,0.00909729,"""""
"163789747,2021-12-23 02:07:49,Earn,Simple Earn Flexible Interest,CAKE,0.00167012,"""""
"163789747,2021-12-23 02:14:50,Earn,Simple Earn Flexible Interest,BTC,6.1E-7,"""""
"163789747,2021-12-23 02:27:57,Earn,Simple Earn Flexible Interest,DAI,0.00493359,"""""
"163789747,2021-12-23 02:29:15,Earn,Simple Earn Flexible Interest,FET,0.00051566,"""""
"163789747,2021-12-23 07:58:22,Spot,Savings Distribution,LDCAKE,0.00333969,"""""
"163789747,2021-12-23 07:58:22,Earn,Simple Earn Flexible Subscription,CAKE,-0.00333969,"""""
"163789747,2021-12-23 07:58:23,Earn,Simple Earn Flexible Subscription,DAI,-0.00986689,"""""
"163789747,2021-12-23 07:58:23,Spot,Savings Distribution,LDDAI,0.00986689,"""""
"163789747,2021-12-23 21:13:36,Spot,Savings Distribution,LDVET,0.01819437,"""""
"163789747,2021-12-23 21:13:36,Earn,Simple Earn Flexible Subscription,VET,-0.01819437,"""""
"163789747,2021-12-23 22:24:42,Earn,Simple Earn Flexible Subscription,FET,-0.00051566,"""""
"163789747,2021-12-23 22:24:42,Spot,Savings Distribution,LDFET,0.00051566,"""""
"163789747,2021-12-23 22:24:42,Earn,Simple Earn Flexible Subscription,BTC,-6.1E-7,"""""
"163789747,2021-12-23 22:24:42,Spot,Savings Distribution,LDBTC,6.1E-7,"""""
"163789747,2021-12-24 01:49:11,Spot,Simple Earn Flexible Airdrop,VTHO,0.32331406,"""""
"163789747,2021-12-24 02:27:37,Earn,Simple Earn Flexible Interest,CAKE,0.00167012,"""""
"163789747,2021-12-24 02:35:29,Earn,Simple Earn Flexible Interest,DAI,0.00493359,"""""
"163789747,2021-12-24 02:46:49,Earn,Simple Earn Flexible Interest,BTC,6.1E-7,"""""
"163789747,2021-12-24 02:48:20,Earn,Simple Earn Flexible Interest,FET,0.00051566,"""""
"163789747,2021-12-24 02:54:36,Earn,Simple Earn Flexible Interest,VET,0.00909729,"""""
"163789747,2021-12-24 07:46:00,Spot,Savings Distribution,LDVET,0.00909729,"""""
"163789747,2021-12-24 07:46:00,Earn,Simple Earn Flexible Subscription,VET,-0.00909729,"""""
"163789747,2021-12-24 07:58:12,Earn,Simple Earn Flexible Subscription,DAI,-0.00493359,"""""
"163789747,2021-12-24 07:58:12,Earn,Simple Earn Flexible Subscription,CAKE,-0.00167012,"""""
"163789747,2021-12-24 07:58:12,Spot,Savings Distribution,LDCAKE,0.00167012,"""""
"163789747,2021-12-24 07:58:12,Spot,Savings Distribution,LDDAI,0.00493359,"""""
"163789747,2021-12-24 23:13:09,Earn,Simple Earn Flexible Subscription,FET,-0.00051566,"""""
"163789747,2021-12-24 23:13:09,Earn,Simple Earn Flexible Subscription,BTC,-6.1E-7,"""""
"163789747,2021-12-24 23:13:09,Spot,Savings Distribution,LDBTC,6.1E-7,"""""
"163789747,2021-12-24 23:13:09,Spot,Savings Distribution,LDFET,0.00051566,"""""
"163789747,2021-12-25 01:50:23,Spot,Simple Earn Flexible Airdrop,VTHO,0.32270122,"""""
"163789747,2021-12-25 04:09:42,Earn,Simple Earn Flexible Interest,FET,0.00051567,"""""
"163789747,2021-12-25 04:14:09,Earn,Simple Earn Flexible Interest,BTC,6.1E-7,"""""
"163789747,2021-12-25 04:26:18,Earn,Simple Earn Flexible Interest,CAKE,0.00167121,"""""
"163789747,2021-12-25 04:31:40,Earn,Simple Earn Flexible Interest,DAI,0.00493419,"""""
"163789747,2021-12-25 04:39:59,Earn,Simple Earn Flexible Interest,VET,0.00909770,"""""
"163789747,2021-12-26 01:12:30,Earn,Simple Earn Flexible Subscription,BTC,-6.1E-7,"""""
"163789747,2021-12-26 01:12:30,Spot,Savings Distribution,LDBTC,6.1E-7,"""""
"163789747,2021-12-26 01:12:30,Spot,Savings Distribution,LDFET,0.00051567,"""""
"163789747,2021-12-26 01:12:30,Earn,Simple Earn Flexible Subscription,FET,-0.00051567,"""""
"163789747,2021-12-26 01:55:54,Spot,Simple Earn Flexible Airdrop,VTHO,0.32116627,"""""
"163789747,2021-12-26 04:10:48,Earn,Simple Earn Flexible Interest,FET,0.00051568,"""""
"163789747,2021-12-26 04:16:25,Earn,Simple Earn Flexible Interest,BTC,6.1E-7,"""""
"163789747,2021-12-26 04:29:28,Earn,Simple Earn Flexible Interest,CAKE,0.00167176,"""""
"163789747,2021-12-26 04:37:17,Earn,Simple Earn Flexible Interest,DAI,0.00493449,"""""
"163789747,2021-12-26 04:46:38,Earn,Simple Earn Flexible Interest,VET,0.00909791,"""""
"163789747,2021-12-26 05:31:27,Spot,Savings Distribution,LDCAKE,0.00334297,"""""
"163789747,2021-12-26 05:31:27,Spot,Savings Distribution,LDDAI,0.00986868,"""""
"163789747,2021-12-26 05:31:27,Earn,Simple Earn Flexible Subscription,DAI,-0.00986868,"""""
"163789747,2021-12-26 05:31:27,Earn,Simple Earn Flexible Subscription,CAKE,-0.00334297,"""""
"163789747,2021-12-27 00:29:36,Spot,Savings Distribution,LDBTC,6.1E-7,"""""
"163789747,2021-12-27 00:29:36,Earn,Simple Earn Flexible Subscription,BTC,-6.1E-7,"""""
"163789747,2021-12-27 00:29:37,Earn,Simple Earn Flexible Subscription,FET,-0.00051568,"""""
"163789747,2021-12-27 00:29:37,Spot,Savings Distribution,LDFET,0.00051568,"""""
"163789747,2021-12-27 02:21:59,Spot,Simple Earn Flexible Airdrop,VTHO,0.32192228,"""""
"163789747,2021-12-27 04:12:02,Earn,Simple Earn Flexible Interest,DAI,0.00493449,"""""
"163789747,2021-12-27 04:17:32,Earn,Simple Earn Flexible Interest,FET,0.00051568,"""""
"163789747,2021-12-27 04:25:45,Earn,Simple Earn Flexible Interest,BTC,6.1E-7,"""""
"163789747,2021-12-27 04:33:28,Earn,Simple Earn Flexible Interest,VET,0.00909791,"""""
"163789747,2021-12-27 04:38:29,Earn,Simple Earn Flexible Interest,CAKE,0.00167176,"""""
"163789747,2021-12-28 01:50:23,Spot,Simple Earn Flexible Airdrop,VTHO,0.32250284,"""""
"163789747,2021-12-28 04:14:39,Earn,Simple Earn Flexible Interest,DAI,0.00493508,"""""
"163789747,2021-12-28 04:19:31,Spot,Savings Distribution,LDCAKE,0.00167176,"""""
"163789747,2021-12-28 04:19:31,Earn,Simple Earn Flexible Subscription,CAKE,-0.00167176,"""""
"163789747,2021-12-28 04:19:32,Spot,Savings Distribution,LDDAI,0.00986957,"""""
"163789747,2021-12-28 04:19:32,Earn,Simple Earn Flexible Subscription,DAI,-0.00986957,"""""
"163789747,2021-12-28 04:29:58,Earn,Simple Earn Flexible Interest,BTC,6.1E-7,"""""
"163789747,2021-12-28 04:37:02,Earn,Simple Earn Flexible Interest,CAKE,0.00167286,"""""
"163789747,2021-12-28 04:41:31,Earn,Simple Earn Flexible Interest,VET,0.00909791,"""""
"163789747,2021-12-28 04:47:37,Earn,Simple Earn Flexible Interest,FET,0.00051569,"""""
"163789747,2021-12-28 06:34:02,Earn,Simple Earn Flexible Subscription,CAKE,-0.00167286,"""""
"163789747,2021-12-28 06:34:02,Spot,Savings Distribution,LDCAKE,0.00167286,"""""
"163789747,2021-12-28 13:11:42,Earn,Simple Earn Flexible Subscription,VET,-0.03639143,"""""
"163789747,2021-12-28 13:11:43,Spot,Savings Distribution,LDVET,0.03639143,"""""
"163789747,2021-12-28 13:36:18,Spot,Savings Distribution,LDBTC,0.00000122,"""""
"163789747,2021-12-28 13:36:18,Spot,Savings Distribution,LDFET,0.00103137,"""""
"163789747,2021-12-28 13:36:18,Earn,Simple Earn Flexible Subscription,BTC,-0.00000122,"""""
"163789747,2021-12-28 13:36:18,Earn,Simple Earn Flexible Subscription,FET,-0.00103137,"""""
"163789747,2021-12-29 00:36:40,Earn,Simple Earn Flexible Redemption,LDBTC,-0.00100000,"""""
"163789747,2021-12-29 00:36:40,Earn,Simple Earn Flexible Redemption,BTC,0.00100000,"""""
"163789747,2021-12-29 00:41:20,Spot,Fee,BNB,-0.00000600,"""""
"163789747,2021-12-29 00:41:20,Spot,Transaction Spend,BTC,-0.00008968,"""""
"163789747,2021-12-29 00:41:20,Spot,Transaction Buy,BNB,0.00800000,"""""
"163789747,2021-12-29 00:44:37,Spot,Transaction Spend,BTC,-0.00008976,"""""
"163789747,2021-12-29 00:44:37,Spot,Fee,BNB,-7.5E-7,"""""
"163789747,2021-12-29 00:44:37,Spot,Fee,BNB,-0.00000600,"""""
"163789747,2021-12-29 00:44:37,Spot,Transaction Buy,BNB,0.00100000,"""""
"163789747,2021-12-29 00:44:37,Spot,Transaction Spend,BTC,-0.00001122,"""""
"163789747,2021-12-29 00:44:37,Spot,Transaction Buy,BNB,0.00800000,"""""
"163789747,2021-12-29 00:57:42,Spot,Withdraw,BNB,-0.01698725,Withdraw fee is included"
"163789747,2021-12-29 01:46:55,Spot,Simple Earn Flexible Airdrop,VTHO,0.32217252,"""""
"163789747,2021-12-29 03:12:44,Earn,Simple Earn Flexible Subscription,BTC,-0.00080934,"""""
"163789747,2021-12-29 03:12:44,Spot,Savings Distribution,LDBTC,0.00080934,"""""
"163789747,2021-12-29 03:45:06,Earn,Simple Earn Flexible Interest,CAKE,0.00167286,"""""
"163789747,2021-12-29 03:47:20,Earn,Simple Earn Flexible Interest,FET,0.00051569,"""""
"163789747,2021-12-29 03:51:03,Earn,Simple Earn Flexible Interest,VET,0.00909791,"""""
"163789747,2021-12-29 04:07:05,Earn,Simple Earn Flexible Interest,BTC,6.1E-7,"""""
"163789747,2021-12-29 04:15:32,Earn,Simple Earn Flexible Interest,DAI,0.00493508,"""""
"163789747,2021-12-29 19:19:57,Earn,Simple Earn Flexible Subscription,VET,-0.00909791,"""""
"163789747,2021-12-29 19:19:58,Spot,Savings Distribution,LDVET,0.00909791,"""""
"163789747,2021-12-29 19:53:50,Spot,Savings Distribution,LDDAI,0.00493508,"""""
"163789747,2021-12-29 19:53:50,Earn,Simple Earn Flexible Subscription,CAKE,-0.00167286,"""""
"163789747,2021-12-29 19:53:50,Earn,Simple Earn Flexible Subscription,DAI,-0.00493508,"""""
"163789747,2021-12-29 19:53:50,Spot,Savings Distribution,LDCAKE,0.00167286,"""""
"163789747,2021-12-29 20:24:44,Spot,Savings Distribution,LDFET,0.00051569,"""""
"163789747,2021-12-29 20:24:44,Earn,Simple Earn Flexible Subscription,BTC,-6.1E-7,"""""
"163789747,2021-12-29 20:24:44,Spot,Savings Distribution,LDBTC,6.1E-7,"""""
"163789747,2021-12-29 20:24:44,Earn,Simple Earn Flexible Subscription,FET,-0.00051569,"""""
"163789747,2021-12-30 01:46:12,Spot,Simple Earn Flexible Airdrop,VTHO,0.32259639,"""""
"163789747,2021-12-30 02:09:21,Earn,Simple Earn Flexible Interest,CAKE,0.00167396,"""""
"163789747,2021-12-30 02:14:57,Earn,Simple Earn Flexible Interest,BTC,5.3E-7,"""""
"163789747,2021-12-30 02:15:30,Earn,Simple Earn Flexible Interest,DAI,0.00493568,"""""
"163789747,2021-12-30 02:24:03,Earn,Simple Earn Flexible Interest,VET,0.00909874,"""""
"163789747,2021-12-30 02:24:13,Earn,Simple Earn Flexible Interest,FET,0.00051571,"""""
"163789747,2021-12-30 05:51:53,Earn,Simple Earn Flexible Subscription,VET,-0.00909874,"""""
"163789747,2021-12-30 05:51:53,Spot,Savings Distribution,LDVET,0.00909874,"""""
"163789747,2021-12-30 06:31:16,Spot,Savings Distribution,LDCAKE,0.00167396,"""""
"163789747,2021-12-30 06:31:16,Earn,Simple Earn Flexible Subscription,CAKE,-0.00167396,"""""
"163789747,2021-12-30 06:31:17,Earn,Simple Earn Flexible Subscription,DAI,-0.00493568,"""""
"163789747,2021-12-30 06:31:17,Spot,Savings Distribution,LDDAI,0.00493568,"""""
"163789747,2021-12-30 07:01:01,Earn,Simple Earn Flexible Subscription,BTC,-5.3E-7,"""""
"163789747,2021-12-30 07:01:01,Earn,Simple Earn Flexible Subscription,FET,-0.00051571,"""""
"163789747,2021-12-30 07:01:01,Spot,Savings Distribution,LDBTC,5.3E-7,"""""
"163789747,2021-12-30 07:01:02,Spot,Savings Distribution,LDFET,0.00051571,"""""
"163789747,2021-12-31 02:16:30,Spot,Simple Earn Flexible Airdrop,VTHO,0.32343949,"""""
"163789747,2021-12-31 03:03:51,Earn,Simple Earn Flexible Interest,CAKE,0.00167451,"""""
"163789747,2021-12-31 03:05:40,Earn,Simple Earn Flexible Interest,FET,0.00051571,"""""
"163789747,2021-12-31 03:31:28,Spot,Savings Distribution,LDCAKE,0.00167451,"""""
"163789747,2021-12-31 03:31:28,Earn,Simple Earn Flexible Subscription,CAKE,-0.00167451,"""""
"163789747,2021-12-31 03:35:31,Earn,Simple Earn Flexible Interest,BTC,6.0E-7,"""""
"163789747,2021-12-31 03:41:12,Earn,Simple Earn Flexible Interest,VET,0.00909894,"""""
"163789747,2021-12-31 03:45:45,Earn,Simple Earn Flexible Interest,DAI,0.00493597,"""""
"163789747,2021-12-31 04:29:34,Spot,Savings Distribution,LDBTC,6.0E-7,"""""
"163789747,2021-12-31 04:29:34,Earn,Simple Earn Flexible Subscription,BTC,-6.0E-7,"""""
"163789747,2021-12-31 04:29:35,Spot,Savings Distribution,LDFET,0.00051571,"""""
"163789747,2021-12-31 04:29:35,Earn,Simple Earn Flexible Subscription,FET,-0.00051571,"""""
"163789747,2021-12-31 19:11:49,Spot,Savings Distribution,LDVET,0.00909894,"""""
"163789747,2021-12-31 19:11:49,Earn,Simple Earn Flexible Subscription,VET,-0.00909894,"""""
"163789747,2021-12-31 19:41:05,Earn,Simple Earn Flexible Subscription,DAI,-0.00493597,"""""
"163789747,2021-12-31 19:41:05,Spot,Savings Distribution,LDDAI,0.00493597,"""""
